{"run name": "run_2cDM_L3N128_HY_power00_sigma0.1_10e-7", "DM type": "2cDM", "baryon_type": "HY", "powerLaws": [0, 0], "sigma0": 0.1, "otherInfo": ["10e-7"], "BoxSize": 3000, "NPart": 128, "Mass Resolution": [938752.499136091, 168984.7020378031], "Softening Length": 0.8081896551724138, "redshifts": [99.0, 8.96, 5.24, 3.98, 3.0, 2.02, 1.0, 0.0], "file_indices": [0, 1, 2, 3, 4, 5, 6, 7], "Omega0": [0.301712, 0.301712, 0.301712, 0.301712, 0.301712, 0.301712, 0.301712, 0.301712], "OmegaB": [0.0472920294235843, 0.04727771418873294, 0.047250898977568685, 0.04720786841620042, 0.047139042437525286, 0.047016476178797374, 0.04656000518239549, 0.04562466609005436], "OmegaStar": [1.431523485139177e-05, 4.1130446015598363e-05, 8.416100738386953e-05, 0.00015286609073435396, 0.00027523423951600665, 0.0007310572199688491, 0.0016644052929643586]}