{"run name": "run_2cDM_L3N256_HY_power00_sigma1_dir_5", "DM type": "2cDM", "baryon_type": "HY", "powerLaws": [0, 0], "sigma0": 1.0, "otherInfo": ["dir", "5"], "BoxSize": 3000, "NPart": 256, "Mass Resolution": [117344.06239201137], "Softening Length": 0.4040948275862069, "redshifts": [5.24, 3.99, 3.0, 2.03], "file_indices": [2, 3, 4, 5], "Omega0": [0.301712, 0.301712, 0.301712, 0.301712], "OmegaB": [0.04724868700650238, 0.04720852441623772, 0.0471285361101539, 0.046887227549262604], "OmegaStar": [4.334241708193485e-05, 8.350500734658645e-05, 0.00016327722446077695, 0.0004045490857675675]}