{"run name": "run_2cDM_L3N256_HY_power00_sigma1_dir_5", "DM type": "2cDM", "baryon_type": "HY", "powerLaws": [0, 0], "sigma0": 1.0, "otherInfo": ["dir", "5"], "BoxSize": 3000, "NPart": 256, "Mass Resolution": [117344.06239201137, 21123.087754725388], "Softening Length": 0.4040948275862069, "redshifts": [99.0, 8.955128609158502, 5.236226422509304, 3.9916277163626868, 2.9999151729465807, 2.0300187258611033, 0.9988548118735108, 4.440892098500626e-16], "file_indices": [0, 1, 2, 3, 4, 5, 6, 7], "Omega0": [0.301712, 0.301712, 0.301712, 0.301712, 0.301712, 0.301712, 0.301712, 0.301712], "OmegaB": [0.04729202942358353, 0.047280683401569344, 0.04724868700650238, 0.04720852441623772, 0.0471285361101539, 0.046887227549262604, 0.046139475378967135, 0.045074113530823086], "OmegaStar": [1.1346022014948981e-05, 4.334241708193485e-05, 8.350500734658645e-05, 0.00016327722446077695, 0.0004045490857675675, 0.0011519282002520072, 0.0022162083175511224]}