{"run name": "run_2cDM_710_HY_power00_sigma1_dir_4_Vkick55.65", "DM type": "2cDM", "baryon_type": "HY", "powerLaws": [0, 0], "sigma0": 1.0, "otherInfo": ["dir", "4", "Vkick55.65"], "Vkick": 55.65, "BoxSize": 100000, "NPart": 48, "Mass Resolution": [66084704.80384494], "Softening Length": 71.83908045977012, "redshifts": [46.54721920348852, 44.5622037875765, 42.45367379881284, 40.44272246832135, 38.52483404598187, 36.87473954609402, 35.12197041925631, 33.450316031392745, 31.856022550479437, 30.48433957173081, 29.027305700565993, 27.63770051714242, 26.312403553212587, 25.04843874971757, 23.960960799485814, 22.805816183578962, 21.704129409074024, 20.65342655126237, 19.749432874416154, 18.78918956244812, 17.873384439406017, 16.999960992518137, 16.24849327990495, 15.45026662890206, 14.688980351532482, 13.962924919302699, 13.270469917365952, 12.674702104803705, 12.041863543925086, 11.438311518216711, 10.862690703911504, 10.367443572408746, 9.841380439471834, 9.339662483009523, 8.861163055704282, 8.449476294368743, 8.012172948865935, 7.5951071498715965, 7.197342343177086, 6.81798531647716, 6.491597745667503, 6.144901203416368, 5.814249101415438, 5.498898934241171, 5.198142558173861, 4.939380663491011, 4.664517702470927, 4.402374863568138, 4.1523634843230806, 3.925577791189874, 3.697631651158252, 3.4908613692606485, 3.2830330579565246, 3.084822635834013, 2.8957850057274284, 2.7331426173187188, 2.5772902716018935, 2.4442257045541464, 2.3161107439568918, 2.2003343941932285, 2.095926226826756, 1.9949242864572514, 1.9040895435327672, 1.822689252620354, 1.7370783228960591, 1.6666695561144653, 1.5980719886683934, 1.5312390291576135, 1.4690483326692818, 1.4112402265443573, 1.354785588105559, 1.299652728461826, 1.2511376829444645, 1.201037299393231, 1.1571565189806767, 1.1116476708788934, 1.0695489986846227, 1.0306937131422726, 0.9902089721812193, 0.9528432765865742, 0.918450320949258, 0.8846630848858825, 0.8514709006246495, 0.8188632882717168, 0.7868299525023363, 0.7574413726158526, 0.7285361563681614, 0.7001063537185233, 0.6741261037109307, 0.6465912010918797, 0.6214287452425136, 0.5966508105687431, 0.5722515209933166, 0.5482250902345109, 0.5263728571851616, 0.5030475232448832, 0.4818329434209512, 0.4609177941806475, 0.4402978492477432, 0.41996894199726653, 0.3999269646135635, 0.38180375206467954, 0.36230045257092924, 0.3446643463443455, 0.3272565541011043, 0.30852315433938093, 0.29234845666676534, 0.27561793689007197, 0.25910400753104357, 0.24280386464756432, 0.22744152527254502, 0.21155127941248253, 0.1965752542696484, 0.1817843482653021, 0.16717627313569405, 0.15274876890238098, 0.13917412387986072, 0.12509275513287288, 0.11184378434205589, 0.09810024681941276, 0.08516913689169736, 0.07239030231811827, 0.05976194992054973, 0.04728230763713759, 0.03494962427363468, 0.02336811931833105, 0.01131704685408641, 2.220446049250313e-16], "file_indices": [0, 1, 2, 3, 4, 5, 6, 7, 8, 9, 10, 11, 12, 13, 14, 15, 16, 17, 18, 19, 20, 21, 22, 23, 24, 25, 26, 27, 28, 29, 30, 31, 32, 33, 34, 35, 36, 37, 38, 39, 40, 41, 42, 43, 44, 45, 46, 47, 48, 49, 50, 51, 52, 53, 54, 55, 56, 57, 58, 59, 60, 61, 62, 63, 64, 65, 66, 67, 68, 69, 70, 71, 72, 73, 74, 75, 76, 77, 78, 79, 80, 81, 82, 83, 84, 85, 86, 87, 88, 89, 90, 91, 92, 93, 94, 95, 96, 97, 98, 99, 100, 101, 102, 103, 104, 105, 106, 107, 108, 109, 110, 111, 112, 113, 114, 115, 116, 117, 118, 119, 120, 121, 122, 123, 124, 125, 126, 127], "Omega0": [0.301712, 0.301712, 0.301712, 0.301712, 0.301712, 0.301712, 0.301712, 0.301712, 0.301712, 0.301712, 0.301712, 0.301712, 0.301712, 0.301712, 0.301712, 0.301712, 0.301712, 0.301712, 0.301712, 0.301712, 0.301712, 0.301712, 0.301712, 0.301712, 0.301712, 0.301712, 0.301712, 0.301712, 0.301712, 0.301712, 0.301712, 0.301712, 0.301712, 0.301712, 0.301712, 0.301712, 0.301712, 0.301712, 0.301712, 0.301712, 0.301712, 0.301712, 0.301712, 0.301712, 0.301712, 0.301712, 0.301712, 0.301712, 0.301712, 0.301712, 0.301712, 0.301712, 0.301712, 0.301712, 0.301712, 0.301712, 0.301712, 0.301712, 0.301712, 0.301712, 0.301712, 0.301712, 0.301712, 0.301712, 0.301712, 0.301712, 0.301712, 0.301712, 0.301712, 0.301712, 0.301712, 0.301712, 0.301712, 0.301712, 0.301712, 0.301712, 0.301712, 0.301712, 0.301712, 0.301712, 0.301712, 0.301712, 0.301712, 0.301712, 0.301712, 0.301712, 0.301712, 0.301712, 0.301712, 0.301712, 0.301712, 0.301712, 0.301712, 0.301712, 0.301712, 0.301712, 0.301712, 0.301712, 0.301712, 0.301712, 0.301712, 0.301712, 0.301712, 0.301712, 0.301712, 0.301712, 0.301712, 0.301712, 0.301712, 0.301712, 0.301712, 0.301712, 0.301712, 0.301712, 0.301712, 0.301712, 0.301712, 0.301712, 0.301712, 0.301712, 0.301712, 0.301712, 0.301712, 0.301712, 0.301712, 0.301712, 0.301712, 0.301712], "OmegaB": [0.04602263967414431, 0.046022639674144314, 0.04602263967414432, 0.046022639674144286, 0.04602263967414428, 0.04602263967414429, 0.046022639674144314, 0.04602263967414431, 0.046022639674144286, 0.04602263967414428, 0.04602263967414433, 0.04602263967414429, 0.04602263967414428, 0.04602263967414431, 0.046022639674144286, 0.04602263967414427, 0.04602263967414432, 0.046022639674144286, 0.04602263967414432, 0.046022639674144286, 0.04602263967414428, 0.04602263967414427, 0.046022639674144314, 0.046022639674144314, 0.04602263967414433, 0.04602263967414429, 0.04602263967414427, 0.046022639674144286, 0.046022639674144286, 0.046022639674144314, 0.04602263967414431, 0.046022639674144335, 0.04602263967414429, 0.04602263967414427, 0.046022639674144286, 0.04602263956564346, 0.046022639621719263, 0.046022639304917824, 0.04602263936365736, 0.04602263863036192, 0.04602263827753736, 0.046022635849526795, 0.046022630818365655, 0.046022624480520705, 0.04602262233524615, 0.0460226148248096, 0.04602261151651212, 0.046022600499040923, 0.04602259297253057, 0.046022545932178825, 0.04602253012441934, 0.0460224808946874, 0.04602245742220117, 0.0460224161877266, 0.04602238097133119, 0.04602228993839315, 0.046022257430650214, 0.04602221919292253, 0.046022163107955934, 0.04602210806854334, 0.04602194610502474, 0.04602192707544217, 0.04602187544902871, 0.04602181918488836, 0.046021738349586595, 0.04602163336714961, 0.046021489749956165, 0.04602120935253727, 0.04602101626346856, 0.046020710387291254, 0.046020243847302404, 0.04601966706883102, 0.046019490157367685, 0.04601874915656022, 0.046018500175737935, 0.046017994977863956, 0.04601768673964347, 0.04601739992652986, 0.0460169492978799, 0.04601620214451222, 0.046015947401938706, 0.04601569501560494, 0.04601522201002066, 0.04601506870187038, 0.04601503233404433, 0.04601486680798718, 0.04601402593815968, 0.04601396925635783, 0.04601372702203002, 0.046013128565669296, 0.04601284120689405, 0.04601243595244892, 0.04601209685502918, 0.04601193841435439, 0.04601186787253403, 0.04601178396548053, 0.04601145596877299, 0.046011258460428486, 0.04601111022821531, 0.04601046217928768, 0.04601006264948513, 0.04600983990298001, 0.046009585422081264, 0.04600903902653758, 0.0460086443000076, 0.04600800133906494, 0.04600762455816571, 0.04600762898264084, 0.04600689138570481, 0.046006778660822104, 0.04600657715729488, 0.046006602715505635, 0.04600651159165399, 0.04600641995418819, 0.0460062829156541, 0.04600636895712437, 0.04600598679218006, 0.046005888872359846, 0.04600583401571359, 0.0460058203626171, 0.046005804817691856, 0.046005544236139805, 0.046005496144183006, 0.04600529492657938, 0.04600527264124123, 0.04600518377329452, 0.04600477390367764, 0.04600467041477933],