{"run name": "run_CDM_L3N256_HY_dir_6", "DM type": "CDM", "baryon_type": "HY", "otherInfo": ["dir", "6"], "BoxSize": 3000, "NPart": 256, "Mass Resolution": [117344.06239201137], "Softening Length": 0.4040948275862069, "redshifts": [5.24, 4.0, 3.0, 2.03], "file_indices": [2, 3, 4, 5], "Omega0": [0.301712, 0.301712, 0.301712, 0.301712], "OmegaB": [0.047199729986876195, 0.047065170361892145, 0.04672860849572727, 0.045801983233433825], "OmegaStar": [9.229943670804224e-05, 0.00022663218867265548, 0.0005630154883920173, 0.001489272916946563]}