{"run name": "run_CDM_L3N256_HY_dir_6", "DM type": "CDM", "baryon_type": "HY", "otherInfo": ["dir", "6"], "BoxSize": 3000, "NPart": 256, "Mass Resolution": [117344.06239201137, 21123.087754725388], "Softening Length": 0.4040948275862069, "redshifts": [99.0, 8.955128609158502, 5.236226422509304, 3.997243005033612, 2.9999151729465807, 2.0300187258611033, 0.999978793124213, 4.440892098500626e-16], "file_indices": [0, 1, 2, 3, 4, 5, 6, 7], "Omega0": [0.301712, 0.301712, 0.301712, 0.301712, 0.301712, 0.301712, 0.301712, 0.301712], "OmegaB": [0.04729202942358353, 0.04727118582696949, 0.047199729986876195, 0.047065170361892145, 0.04672860849572727, 0.045801983233433825, 0.04324157199768745, 0.041163331129483], "OmegaStar": [2.0843596614785963e-05, 9.229943670804224e-05, 0.00022663218867265548, 0.0005630154883920173, 0.001489272916946563, 0.004047172321335313, 0.00611965167477648]}