{"run name": "run_CDM_L3N256_HY_dir_0", "DM type": "CDM", "baryon_type": "HY", "otherInfo": ["dir", "0"], "BoxSize": 3000, "NPart": 256, "Mass Resolution": [117344.06239201137], "Softening Length": 0.4040948275862069, "redshifts": [5.24, 3.99, 3.0, 2.03], "file_indices": [2, 3, 4, 5], "Omega0": [0.301712, 0.301712, 0.301712, 0.301712], "OmegaB": [0.04720774268879519, 0.047112165464884295, 0.046950825595688125, 0.04645636642599236], "OmegaStar": [8.428673478912254e-05, 0.00017974729336429798, 0.00034099669842520925, 0.0008347008525885802]}