{"run name": "run_2cDM_L3N128_HY_power00_sigma1", "DM type": "2cDM", "baryon_type": "HY", "powerLaws": [0, 0], "sigma0": 1.0, "otherInfo": [], "BoxSize": 3000, "NPart": 128, "Mass Resolution": [938752.499136091, 168984.7020378031], "Softening Length": 0.8081896551724138, "redshifts": [99.0, 8.96, 5.24, 3.98, 3.0, 2.02, 1.0, 0.0], "file_indices": [0, 1, 2, 3, 4, 5, 6, 7], "Omega0": [0.301712, 0.301712, 0.301712, 0.301712, 0.301712, 0.301712, 0.301712, 0.301712], "OmegaB": [0.0472920294235843, 0.047279109614245945, 0.047245956549212396, 0.0472125546848958, 0.04715767788037192, 0.04701124995642059, 0.04655455469402299, 0.04561499103070692], "OmegaStar": [1.2919809338367878e-05, 4.6072874371882314e-05, 7.93651341632114e-05, 0.0001342277216045816, 0.000280348967239682, 0.0007364582565152063, 0.0016743605045273315]}