{"run name": "run_2cDM_L3N128_HY_power00_sigma1", "DM type": "2cDM", "baryon_type": "HY", "powerLaws": [0, 0], "sigma0": 1.0, "otherInfo": [], "BoxSize": 3000, "NPart": 128, "Mass Resolution": [938752.499136091, 168984.7020378031], "Softening Length": 0.8081896551724138, "redshifts": [99.0, 8.955128609158502, 5.236226422509304, 3.9916277163626868, 2.995420558949888, 2.0300187258611033, 0.9988548118735108, 4.440892098500626e-16], "file_indices": [0, 1, 2, 3, 4, 5, 6, 7], "Omega0": [0.301712, 0.301712, 0.301712, 0.301712, 0.301712, 0.301712, 0.301712, 0.301712], "OmegaB": [0.0472920294235843, 0.047279710448199105, 0.047247833653681376, 0.047209725426431794, 0.047141917595554576, 0.047011731392343555, 0.04663505562597518, 0.04567159479464302], "OmegaStar": [1.2318975385201189e-05, 4.419576990295617e-05, 8.230399715252739e-05, 0.00014998578008002642, 0.0002798145060914711, 0.0006555609027896445, 0.0016156449770377262]}