{"run name": "run_2cDM_710_HY_power00_sigma1_dir_1_Vkick25.83", "DM type": "2cDM", "baryon_type": "HY", "powerLaws": [0, 0], "sigma0": 1.0, "otherInfo": ["dir", "1", "Vkick25.83"], "Vkick": 25.83, "BoxSize": 100000, "NPart": 48, "Mass Resolution": [66084704.80384494], "Softening Length": 71.83908045977012, "redshifts": [46.54721920348852, 44.5622037875765, 42.45367379881284, 40.44272246832135, 38.52483404598187, 36.87473954609402, 35.12197041925631, 33.450316031392745, 31.856022550479437, 30.48433957173081, 29.027305700565993, 27.63770051714242, 26.312403553212587, 25.04843874971757, 23.960960799485814, 22.805816183578962, 21.704129409074024, 20.65342655126237, 19.749432874416154, 18.78918956244812, 17.873384439406017, 16.999960992518137, 16.24849327990495, 15.45026662890206, 14.688980351532482, 13.962924919302699, 13.270469917365952, 12.674702104803705, 12.041863543925086, 11.438311518216711, 10.862690703911504, 10.367443572408746, 9.841380439471834, 9.339662483009523, 8.861163055704282, 8.449476294368743, 8.012172948865935, 7.5951071498715965, 7.197342343177086, 6.81798531647716, 6.491597745667503, 6.144901203416368, 5.814249101415438, 5.498898934241171, 5.198142558173861, 4.939380663491011, 4.664517702470927, 4.402374863568138, 4.1523634843230806, 3.925577791189874, 3.697631651158252, 3.4908613692606485, 3.2830330579565246, 3.084822635834013, 2.8957850057274284, 2.7331426173187188, 2.5772902716018935, 2.4442257045541464, 2.3161107439568918, 2.2003343941932285, 2.095926226826756, 1.9949242864572514, 1.9040895435327672, 1.822689252620354, 1.7370783228960591, 1.6666695561144653, 1.5980719886683934, 1.5312390291576135, 1.4690483326692818, 1.4112402265443573, 1.354785588105559, 1.299652728461826, 1.2511376829444645, 1.201037299393231, 1.1571565189806767, 1.1116476708788934, 1.0695489986846227, 1.0306937131422726, 0.9902089721812193, 0.9528432765865742, 0.918450320949258, 0.8846630848858825, 0.8514709006246495, 0.8188632882717168, 0.7868299525023363, 0.7574413726158526, 0.7285361563681614, 0.7001063537185233, 0.6741261037109307, 0.6465912010918797, 0.6214287452425136, 0.5966508105687431, 0.5722515209933166, 0.5482250902345109, 0.5263728571851616, 0.5030475232448832, 0.4818329434209512, 0.4609177941806475, 0.4402978492477432, 0.41996894199726653, 0.3999269646135635, 0.38180375206467954, 0.36230045257092924, 0.3446643463443455, 0.3272565541011043, 0.30852315433938093, 0.29234845666676534, 0.27561793689007197, 0.25910400753104357, 0.24280386464756432, 0.22744152527254502, 0.21155127941248253, 0.1965752542696484, 0.1817843482653021, 0.16717627313569405, 0.15274876890238098, 0.13917412387986072, 0.12509275513287288, 0.11184378434205589, 0.09810024681941276, 0.08516913689169736, 0.07239030231811827, 0.05976194992054973, 0.04728230763713759, 0.03494962427363468, 0.02336811931833105, 0.01131704685408641, 2.220446049250313e-16], "file_indices": [0, 1, 2, 3, 4, 5, 6, 7, 8, 9, 10, 11, 12, 13, 14, 15, 16, 17, 18, 19, 20, 21, 22, 23, 24, 25, 26, 27, 28, 29, 30, 31, 32, 33, 34, 35, 36, 37, 38, 39, 40, 41, 42, 43, 44, 45, 46, 47, 48, 49, 50, 51, 52, 53, 54, 55, 56, 57, 58, 59, 60, 61, 62, 63, 64, 65, 66, 67, 68, 69, 70, 71, 72, 73, 74, 75, 76, 77, 78, 79, 80, 81, 82, 83, 84, 85, 86, 87, 88, 89, 90, 91, 92, 93, 94, 95, 96, 97, 98, 99, 100, 101, 102, 103, 104, 105, 106, 107, 108, 109, 110, 111, 112, 113, 114, 115, 116, 117, 118, 119, 120, 121, 122, 123, 124, 125, 126, 127], "Omega0": [0.301712, 0.301712, 0.301712, 0.301712, 0.301712, 0.301712, 0.301712, 0.301712, 0.301712, 0.301712, 0.301712, 0.301712, 0.301712, 0.301712, 0.301712, 0.301712, 0.301712, 0.301712, 0.301712, 0.301712, 0.301712, 0.301712, 0.301712, 0.301712, 0.301712, 0.301712, 0.301712, 0.301712, 0.301712, 0.301712, 0.301712, 0.301712, 0.301712, 0.301712, 0.301712, 0.301712, 0.301712, 0.301712, 0.301712, 0.301712, 0.301712, 0.301712, 0.301712, 0.301712, 0.301712, 0.301712, 0.301712, 0.301712, 0.301712, 0.301712, 0.301712, 0.301712, 0.301712, 0.301712, 0.301712, 0.301712, 0.301712, 0.301712, 0.301712, 0.301712, 0.301712, 0.301712, 0.301712, 0.301712, 0.301712, 0.301712, 0.301712, 0.301712, 0.301712, 0.301712, 0.301712, 0.301712, 0.301712, 0.301712, 0.301712, 0.301712, 0.301712, 0.301712, 0.301712, 0.301712, 0.301712, 0.301712, 0.301712, 0.301712, 0.301712, 0.301712, 0.301712, 0.301712, 0.301712, 0.301712, 0.301712, 0.301712, 0.301712, 0.301712, 0.301712, 0.301712, 0.301712, 0.301712, 0.301712, 0.301712, 0.301712, 0.301712, 0.301712, 0.301712, 0.301712, 0.301712, 0.301712, 0.301712, 0.301712, 0.301712, 0.301712, 0.301712, 0.301712, 0.301712, 0.301712, 0.301712, 0.301712, 0.301712, 0.301712, 0.301712, 0.301712, 0.301712, 0.301712, 0.301712, 0.301712, 0.301712, 0.301712, 0.301712], "OmegaB": [0.04602263967414431, 0.04602263967414431, 0.04602263967414434, 0.04602263967414429, 0.04602263967414428, 0.04602263967414429, 0.04602263967414433, 0.04602263967414431, 0.04602263967414428, 0.04602263967414427, 0.046022639674144314, 0.04602263967414427, 0.04602263967414428, 0.046022639674144314, 0.04602263967414428, 0.046022639674144286, 0.046022639674144314, 0.04602263967414428, 0.046022639674144265, 0.046022639674144335, 0.04602263967414429, 0.046022639674144314, 0.04602263967414428, 0.046022639674144314, 0.04602263967414436, 0.04602263967414428, 0.04602263967414427, 0.046022639674144286, 0.04602263967414428, 0.04602263967414429, 0.04602263967414426, 0.046022639674144314, 0.04602263967414428, 0.046022639674144286, 0.046022639584725196, 0.046022639527593605, 0.04602263963069016, 0.04602263963082626, 0.04602263929407895, 0.046022638624956196, 0.04602263668735998, 0.04602262987020841, 0.04602262901480573, 0.04602262308677682, 0.04602261869132503, 0.0460226108607066, 0.04602259507066544, 0.0460225851327819, 0.04602257578041514, 0.046022559842730404, 0.0460225384913672, 0.046022516375883976, 0.04602247145355211, 0.04602238997126431, 0.046022322345574046, 0.046022269628431575, 0.04602222314998672, 0.04602216789978253, 0.04602212780696943, 0.04602208887403614, 0.0460220080881959, 0.046021901296191374, 0.04602181710025106, 0.046021679252798646, 0.046021384958141, 0.04602120262999729, 0.04602098645059917, 0.046020710038796826, 0.04602058764684654, 0.04602039701904952, 0.04602028837989002, 0.04601992124677794, 0.046019650299308754, 0.04601919448303222, 0.046018800440565805, 0.046018544342766955, 0.04601832169281827, 0.04601816123332368, 0.04601759446000089, 0.04601684330420457, 0.04601634358508934, 0.046015870178657256, 0.04601550155864537, 0.04601534539194892, 0.04601503034638177, 0.0460146578851246, 0.04601412522067505, 0.04601357469401238, 0.04601333843879047, 0.04601302636101076, 0.046013006487831416, 0.046012759786367416, 0.0460122861067516, 0.0460120204269864, 0.04601195300413351, 0.04601154809746045, 0.04601111742262193, 0.04601094280179362, 0.04601074961800093, 0.046010470888187945, 0.04601014924453764, 0.046010068142323356, 0.04600976848437573, 0.04600961495036588, 0.04600941235000652, 0.04600922842392425, 0.046009047275506795, 0.04600878573796574, 0.04600847698570338, 0.04600825043271347, 0.04600786776158749, 0.046007501241383905, 0.04600720370605913, 0.04600696777810368, 0.04600658772884335, 0.04600646424223899, 0.046006166928675526, 0.04600582021974667, 0.04600543092831916, 0.0460052507310828, 0.04600509484754727, 0.046004885922586294, 0.04600457749090948, 0.04600431199337239, 0.04600423988368582, 0.04600399989995243, 0.046003644311943655, 0.04600359428618099],