{"run name": "run_2cDM_L3N256_HY_powerm2m2_sigma1_dir_9", "DM type": "2cDM", "baryon_type": "HY", "powerLaws": [-2, -2], "sigma0": 1.0, "otherInfo": ["dir", "9"], "BoxSize": 3000, "NPart": 256, "Mass Resolution": [117344.06239201137, 21123.087754725388], "Softening Length": 0.4040948275862069, "redshifts": [99.0, 8.955128609158502, 5.236226422509304, 3.9916277163626868, 2.9999151729465807, 2.0300187258611033, 0.9988548118735108, 4.440892098500626e-16], "file_indices": [0, 1, 2, 3, 4, 5, 6, 7], "Omega0": [0.301712, 0.301712, 0.301712, 0.301712, 0.301712, 0.301712, 0.301712, 0.301712], "OmegaB": [0.04729202942358353, 0.04728599192648401, 0.047259662561045336, 0.04721321547337441, 0.04710772556684393, 0.04663113415963101, 0.04571082313664206, 0.043344482821245055], "OmegaStar": [6.037497100287827e-06, 3.236686253897611e-05, 7.881395020991138e-05, 0.00018408491002525306, 0.0006604892426272715, 0.0015798875836934415, 0.003943523098849571]}