{"run name": "run_2cDM_L3N256_HY_powerm2m2_sigma1_dir_9", "DM type": "2cDM", "baryon_type": "HY", "powerLaws": [-2, -2], "sigma0": 1.0, "otherInfo": ["dir", "9"], "BoxSize": 3000, "NPart": 256, "Mass Resolution": [117344.06239201137], "Softening Length": 0.4040948275862069, "redshifts": [5.24, 3.99, 3.0, 2.03], "file_indices": [2, 3, 4, 5], "Omega0": [0.301712, 0.301712, 0.301712, 0.301712], "OmegaB": [0.047259662561045336, 0.04721321547337441, 0.04710772556684393, 0.04663113415963101], "OmegaStar": [3.236686253897611e-05, 7.881395020991138e-05, 0.00018408491002525306, 0.0006604892426272715]}