{"run name": "run_2cDM_L3N256_HY_powerm2m2_sigma1_dir_1", "DM type": "2cDM", "baryon_type": "HY", "powerLaws": [-2, -2], "sigma0": 1.0, "otherInfo": ["dir", "1"], "BoxSize": 3000, "NPart": 256, "Mass Resolution": [117344.06239201137], "Softening Length": 0.4040948275862069, "redshifts": [5.24, 3.99, 3.0, 2.03], "file_indices": [2, 3, 4, 5], "Omega0": [0.301712, 0.301712, 0.301712, 0.301712], "OmegaB": [0.04727252223429602, 0.04725228269716668, 0.04720564117023793, 0.04711531220623353], "OmegaStar": [1.9507189288222464e-05, 3.974672641758845e-05, 8.63882533464208e-05, 0.00017660519390059982]}