{"run name": "run_CDM_L5N256_DM", "DM type": "CDM", "baryon_type": "DM", "otherInfo": [], "BoxSize": 5000, "NPart": 256, "Mass Resolution": [641051.6210497072], "Softening Length": 0.6734913793103449, "redshifts": [99.0, 8.96, 5.24, 3.99, 3.0, 2.03, 1.0, 0.0], "file_indices": [0, 1, 2, 3, 4, 5, 6, 7], "Omega0": [0.301712, 0.301712, 0.301712, 0.301712, 0.301712, 0.301712, 0.301712, 0.301712]}