{"run name": "run_2cDM_710_HY_power00_sigma1_dir_9_Vkick200.00", "DM type": "2cDM", "baryon_type": "HY", "powerLaws": [0, 0], "sigma0": 1.0, "otherInfo": ["dir", "9", "Vkick200.00"], "Vkick": 200.0, "BoxSize": 100000, "NPart": 48, "Mass Resolution": [66084704.80384494], "Softening Length": 71.83908045977012, "redshifts": [46.54721920348852, 44.5622037875765, 42.45367379881284, 40.44272246832135, 38.52483404598187, 36.87473954609402, 35.12197041925631, 33.450316031392745, 31.856022550479437, 30.48433957173081, 29.027305700565993, 27.63770051714242, 26.312403553212587, 25.04843874971757, 23.960960799485814, 22.805816183578962, 21.704129409074024, 20.65342655126237, 19.749432874416154, 18.78918956244812, 17.873384439406017, 16.999960992518137, 16.24849327990495, 15.45026662890206, 14.688980351532482, 13.962924919302699, 13.270469917365952, 12.674702104803705, 12.041863543925086, 11.438311518216711, 10.862690703911504, 10.367443572408746, 9.841380439471834, 9.339662483009523, 8.861163055704282, 8.449476294368743, 8.012172948865935, 7.5951071498715965, 7.197342343177086, 6.81798531647716, 6.491597745667503, 6.144901203416368, 5.814249101415438, 5.498898934241171, 5.198142558173861, 4.939380663491011, 4.664517702470927, 4.402374863568138, 4.1523634843230806, 3.925577791189874, 3.697631651158252, 3.4908613692606485, 3.2830330579565246, 3.084822635834013, 2.8957850057274284, 2.7331426173187188, 2.5772902716018935, 2.4442257045541464, 2.3161107439568918, 2.2003343941932285, 2.095926226826756, 1.9949242864572514, 1.9040895435327672, 1.822689252620354, 1.7370783228960591, 1.6666695561144653, 1.5980719886683934, 1.5312390291576135, 1.4690483326692818, 1.4112402265443573, 1.354785588105559, 1.299652728461826, 1.2511376829444645, 1.201037299393231, 1.1571565189806767, 1.1116476708788934, 1.0695489986846227, 1.0306937131422726, 0.9902089721812193, 0.9528432765865742, 0.918450320949258, 0.8846630848858825, 0.8514709006246495, 0.8188632882717168, 0.7868299525023363, 0.7574413726158526, 0.7285361563681614, 0.7001063537185233, 0.6741261037109307, 0.6465912010918797, 0.6214287452425136, 0.5966508105687431, 0.5722515209933166, 0.5482250902345109, 0.5263728571851616, 0.5030475232448832, 0.4818329434209512, 0.4609177941806475, 0.4402978492477432, 0.41996894199726653, 0.3999269646135635, 0.38180375206467954, 0.36230045257092924, 0.3446643463443455, 0.3272565541011043, 0.30852315433938093, 0.29234845666676534, 0.27561793689007197, 0.25910400753104357, 0.24280386464756432, 0.22744152527254502, 0.21155127941248253, 0.1965752542696484, 0.1817843482653021, 0.16717627313569405, 0.15274876890238098, 0.13917412387986072, 0.12509275513287288, 0.11184378434205589, 0.09810024681941276, 0.08516913689169736, 0.07239030231811827, 0.05976194992054973, 0.04728230763713759, 0.03494962427363468, 0.02336811931833105, 0.01131704685408641, 2.220446049250313e-16, 2.220446049250313e-16], "file_indices": [0, 1, 2, 3, 4, 5, 6, 7, 8, 9, 10, 11, 12, 13, 14, 15, 16, 17, 18, 19, 20, 21, 22, 23, 24, 25, 26, 27, 28, 29, 30, 31, 32, 33, 34, 35, 36, 37, 38, 39, 40, 41, 42, 43, 44, 45, 46, 47, 48, 49, 50, 51, 52, 53, 54, 55, 56, 57, 58, 59, 60, 61, 62, 63, 64, 65, 66, 67, 68, 69, 70, 71, 72, 73, 74, 75, 76, 77, 78, 79, 80, 81, 82, 83, 84, 85, 86, 87, 88, 89, 90, 91, 92, 93, 94, 95, 96, 97, 98, 99, 100, 101, 102, 103, 104, 105, 106, 107, 108, 109, 110, 111, 112, 113, 114, 115, 116, 117, 118, 119, 120, 121, 122, 123, 124, 125, 126, 127, 128], "Omega0": [0.301712, 0.301712, 0.301712, 0.301712, 0.301712, 0.301712, 0.301712, 0.301712, 0.301712, 0.301712, 0.301712, 0.301712, 0.301712, 0.301712, 0.301712, 0.301712, 0.301712, 0.301712, 0.301712, 0.301712, 0.301712, 0.301712, 0.301712, 0.301712, 0.301712, 0.301712, 0.301712, 0.301712, 0.301712, 0.301712, 0.301712, 0.301712, 0.301712, 0.301712, 0.301712, 0.301712, 0.301712, 0.301712, 0.301712, 0.301712, 0.301712, 0.301712, 0.301712, 0.301712, 0.301712, 0.301712, 0.301712, 0.301712, 0.301712, 0.301712, 0.301712, 0.301712, 0.301712, 0.301712, 0.301712, 0.301712, 0.301712, 0.301712, 0.301712, 0.301712, 0.301712, 0.301712, 0.301712, 0.301712, 0.301712, 0.301712, 0.301712, 0.301712, 0.301712, 0.301712, 0.301712, 0.301712, 0.301712, 0.301712, 0.301712, 0.301712, 0.301712, 0.301712, 0.301712, 0.301712, 0.301712, 0.301712, 0.301712, 0.301712, 0.301712, 0.301712, 0.301712, 0.301712, 0.301712, 0.301712, 0.301712, 0.301712, 0.301712, 0.301712, 0.301712, 0.301712, 0.301712, 0.301712, 0.301712, 0.301712, 0.301712, 0.301712, 0.301712, 0.301712, 0.301712, 0.301712, 0.301712, 0.301712, 0.301712, 0.301712, 0.301712, 0.301712, 0.301712, 0.301712, 0.301712, 0.301712, 0.301712, 0.301712, 0.301712, 0.301712, 0.301712, 0.301712, 0.301712, 0.301712, 0.301712, 0.301712, 0.301712, 0.301712, 0.301712], "OmegaB": [0.04602263967414431, 0.04602263967414432, 0.04602263967414433, 0.046022639674144286, 0.04602263967414431, 0.04602263967414428, 0.046022639674144314, 0.04602263967414432, 0.04602263967414427, 0.046022639674144286, 0.046022639674144314, 0.04602263967414423, 0.046022639674144286, 0.04602263967414428, 0.04602263967414429, 0.04602263967414431, 0.04602263967414432, 0.04602263967414428, 0.04602263967414431, 0.04602263967414429, 0.04602263967414429, 0.046022639674144286, 0.04602263967414428, 0.046022639674144335, 0.046022639674144314, 0.04602263967414432, 0.046022639674144265, 0.046022639674144314, 0.046022639674144286, 0.04602263967414428, 0.046022639674144286, 0.046022639674144265, 0.046022639674144286, 0.046022639674144314, 0.04602263967414431, 0.04602263961064298, 0.04602263954161093, 0.04602263921141102, 0.04602263895416926, 0.04602263738644881, 0.04602263580514115, 0.04602263241712867, 0.04602263020583109, 0.046022627493727104, 0.046022622832563684, 0.04602261850706325, 0.04602260630084763, 0.0460226011018431, 0.04602258199538364, 0.04602255571045223, 0.046022543526215265, 0.046022514896072876, 0.04602248087661363, 0.04602243679331908, 0.04602240083430269, 0.046022330224094694, 0.04602224503803029, 0.046022160530283254, 0.04602212212724422, 0.04602205683956488, 0.046022006825354664, 0.04602193049414526, 0.046021872913385296, 0.04602174257101919, 0.046021684838176376, 0.04602143730908464, 0.04602127502215807, 0.04602116122824891, 0.04602092952678966, 0.046020717403882215, 0.04602046496600886, 0.046019929019196326, 0.04601971909278913, 0.046019549484625576, 0.04601916547975879, 0.04601883988104547, 0.046018317745797455, 0.04601754860024392, 0.046017083994931915, 0.04601600097202866, 0.04601569172751794, 0.046015518322711606, 0.04601489555955138, 0.04601444172456659, 0.04601374668856851, 0.04601361143705482, 0.046013243058214616, 0.04601257278037689, 0.0460121351786741, 0.046011602085708286, 0.04601101748954426, 0.04601063813919777, 0.046010394050909884, 0.04600998021901087, 0.04600951946866984, 0.04600913081320654, 0.0460088043273652, 0.04600867461597671, 0.046008662931604376, 0.04600851126125851, 0.04600846995751708, 0.046008552591769225, 0.04600859783276177, 0.04600859981991919, 0.04600842970016634, 0.04600833225775841, 0.046008120483308726, 0.04600804855501869, 0.04600783786909602, 0.04600780849047355, 0.04600771721069668, 0.046007681008430085, 0.046007492207546574, 0.04600720660329371, 0.04600703604541587, 0.04600681742629848, 0.0460066048273857, 0.0460063863443497, 0.046006086382049095, 0.04600588365208098, 0.0460055768252634, 0.046005345886625575, 0.04600503372254809, 0.046004844173651964, 0.04600454934325629, 0.04600430741300592, 0.0460036648300749, 0.046003313888840505, 0.04600331388884052],