{"run name": "run_2cDM_L3N256_HY_power00_sigma1_dir_2", "DM type": "2cDM", "baryon_type": "HY", "powerLaws": [0, 0], "sigma0": 1.0, "otherInfo": ["dir", "2"], "BoxSize": 3000, "NPart": 256, "Mass Resolution": [117344.06239201137, 21123.087754725388], "Softening Length": 0.4040948275862069, "redshifts": [99.0, 8.955128609158502, 5.236226422509304, 3.9916277163626868, 2.9999151729465807, 2.0300187258611033, 0.9988548118735108, 4.440892098500626e-16], "file_indices": [0, 1, 2, 3, 4, 5, 6, 7], "Omega0": [0.301712, 0.301712, 0.301712, 0.301712, 0.301712, 0.301712, 0.301712, 0.301712], "OmegaB": [0.04729202942358353, 0.0472828998226373, 0.04725555856633218, 0.047217636149631814, 0.047144204905880054, 0.046927402157363, 0.04570923255649848, 0.04430574920637104], "OmegaStar": [9.129600946925425e-06, 3.647085725210739e-05, 7.4393273952518e-05, 0.00014760663665903674, 0.0003642688549057054, 0.0015811828669060712, 0.0029757249441247115]}