{"run name": "run_2cDM_710_HY_power00_sigma1_dir_5_Vkick71.88", "DM type": "2cDM", "baryon_type": "HY", "powerLaws": [0, 0], "sigma0": 1.0, "otherInfo": ["dir", "5", "Vkick71.88"], "Vkick": 71.88, "BoxSize": 100000, "NPart": 48, "Mass Resolution": [66084704.80384494], "Softening Length": 71.83908045977012, "redshifts": [46.54721920348852, 44.5622037875765, 42.45367379881284, 40.44272246832135, 38.52483404598187, 36.87473954609402, 35.12197041925631, 33.450316031392745, 31.856022550479437, 30.48433957173081, 29.027305700565993, 27.63770051714242, 26.312403553212587, 25.04843874971757, 23.960960799485814, 22.805816183578962, 21.704129409074024, 20.65342655126237, 19.749432874416154, 18.78918956244812, 17.873384439406017, 16.999960992518137, 16.24849327990495, 15.45026662890206, 14.688980351532482, 13.962924919302699, 13.270469917365952, 12.674702104803705, 12.041863543925086, 11.438311518216711, 10.862690703911504, 10.367443572408746, 9.841380439471834, 9.339662483009523, 8.861163055704282, 8.449476294368743, 8.012172948865935, 7.5951071498715965, 7.197342343177086, 6.81798531647716, 6.491597745667503, 6.144901203416368, 5.814249101415438, 5.498898934241171, 5.198142558173861, 4.939380663491011, 4.664517702470927, 4.402374863568138, 4.1523634843230806, 3.925577791189874, 3.697631651158252, 3.4908613692606485, 3.2830330579565246, 3.084822635834013, 2.8957850057274284, 2.7331426173187188, 2.5772902716018935, 2.4442257045541464, 2.3161107439568918, 2.2003343941932285, 2.095926226826756, 1.9949242864572514, 1.9040895435327672, 1.822689252620354, 1.7370783228960591, 1.6666695561144653, 1.5980719886683934, 1.5312390291576135, 1.4690483326692818, 1.4112402265443573, 1.354785588105559, 1.299652728461826, 1.2511376829444645, 1.201037299393231, 1.1571565189806767, 1.1116476708788934, 1.0695489986846227, 1.0306937131422726, 0.9902089721812193, 0.9528432765865742, 0.918450320949258, 0.8846630848858825, 0.8514709006246495, 0.8188632882717168, 0.7868299525023363, 0.7574413726158526, 0.7285361563681614, 0.7001063537185233, 0.6741261037109307, 0.6465912010918797, 0.6214287452425136, 0.5966508105687431, 0.5722515209933166, 0.5482250902345109, 0.5263728571851616, 0.5030475232448832, 0.4818329434209512, 0.4609177941806475, 0.4402978492477432, 0.41996894199726653, 0.3999269646135635, 0.38180375206467954, 0.36230045257092924, 0.3446643463443455, 0.3272565541011043, 0.30929840757867866, 0.29234845666676534, 0.27561793689007197, 0.25910400753104357, 0.24280386464756432, 0.22744152527254502, 0.21155127941248253, 0.1965752542696484, 0.1817843482653021, 0.16717627313569405, 0.15274876890238098, 0.13917412387986072, 0.12509275513287288, 0.11184378434205589, 0.09810024681941276, 0.08516913689169736, 0.07239030231811827, 0.05976194992054973, 0.04728230763713759, 0.03494962427363468, 0.02336811931833105, 0.01131704685408641, 2.220446049250313e-16], "file_indices": [0, 1, 2, 3, 4, 5, 6, 7, 8, 9, 10, 11, 12, 13, 14, 15, 16, 17, 18, 19, 20, 21, 22, 23, 24, 25, 26, 27, 28, 29, 30, 31, 32, 33, 34, 35, 36, 37, 38, 39, 40, 41, 42, 43, 44, 45, 46, 47, 48, 49, 50, 51, 52, 53, 54, 55, 56, 57, 58, 59, 60, 61, 62, 63, 64, 65, 66, 67, 68, 69, 70, 71, 72, 73, 74, 75, 76, 77, 78, 79, 80, 81, 82, 83, 84, 85, 86, 87, 88, 89, 90, 91, 92, 93, 94, 95, 96, 97, 98, 99, 100, 101, 102, 103, 104, 105, 106, 107, 108, 109, 110, 111, 112, 113, 114, 115, 116, 117, 118, 119, 120, 121, 122, 123, 124, 125, 126, 127], "Omega0": [0.301712, 0.301712, 0.301712, 0.301712, 0.301712, 0.301712, 0.301712, 0.301712, 0.301712, 0.301712, 0.301712, 0.301712, 0.301712, 0.301712, 0.301712, 0.301712, 0.301712, 0.301712, 0.301712, 0.301712, 0.301712, 0.301712, 0.301712, 0.301712, 0.301712, 0.301712, 0.301712, 0.301712, 0.301712, 0.301712, 0.301712, 0.301712, 0.301712, 0.301712, 0.301712, 0.301712, 0.301712, 0.301712, 0.301712, 0.301712, 0.301712, 0.301712, 0.301712, 0.301712, 0.301712, 0.301712, 0.301712, 0.301712, 0.301712, 0.301712, 0.301712, 0.301712, 0.301712, 0.301712, 0.301712, 0.301712, 0.301712, 0.301712, 0.301712, 0.301712, 0.301712, 0.301712, 0.301712, 0.301712, 0.301712, 0.301712, 0.301712, 0.301712, 0.301712, 0.301712, 0.301712, 0.301712, 0.301712, 0.301712, 0.301712, 0.301712, 0.301712, 0.301712, 0.301712, 0.301712, 0.301712, 0.301712, 0.301712, 0.301712, 0.301712, 0.301712, 0.301712, 0.301712, 0.301712, 0.301712, 0.301712, 0.301712, 0.301712, 0.301712, 0.301712, 0.301712, 0.301712, 0.301712, 0.301712, 0.301712, 0.301712, 0.301712, 0.301712, 0.301712, 0.301712, 0.301712, 0.301712, 0.301712, 0.301712, 0.301712, 0.301712, 0.301712, 0.301712, 0.301712, 0.301712, 0.301712, 0.301712, 0.301712, 0.301712, 0.301712, 0.301712, 0.301712, 0.301712, 0.301712, 0.301712, 0.301712, 0.301712, 0.301712], "OmegaB": [0.04602263967414432, 0.046022639674144314, 0.04602263967414432, 0.04602263967414431, 0.04602263967414428, 0.04602263967414429, 0.046022639674144314, 0.046022639674144314, 0.04602263967414427, 0.046022639674144265, 0.046022639674144314, 0.04602263967414429, 0.046022639674144286, 0.046022639674144335, 0.04602263967414429, 0.04602263967414427, 0.04602263967414432, 0.04602263967414428, 0.046022639674144335, 0.04602263967414431, 0.046022639674144314, 0.04602263967414428, 0.04602263967414428, 0.04602263967414429, 0.04602263967414426, 0.04602263967414434, 0.04602263967414428, 0.04602263967414428, 0.046022639674144286, 0.046022639674144265, 0.04602263967414431, 0.04602263967414426, 0.04602263967414428, 0.046022639674144314, 0.04602263959898584, 0.04602263967414427, 0.04602263947837202, 0.04602263949592422, 0.04602263862973562, 0.046022638533329406, 0.04602263680640685, 0.04602263195409311, 0.0460226305591122, 0.04602262842489381, 0.046022624932538704, 0.046022616199778835, 0.04602260608163825, 0.04602259873316892, 0.046022585656229104, 0.046022569660029204, 0.046022535429158726, 0.04602251321333768, 0.04602246986998242, 0.04602243657981548, 0.046022399083239386, 0.04602233977684306, 0.04602228608612749, 0.04602223506131545, 0.04602217818716624, 0.04602210884606941, 0.04602207388532505, 0.04602200578662807, 0.04602193473171894, 0.04602185607090656, 0.04602170146440484, 0.046021544521684714, 0.046021493506815565, 0.046021308068055364, 0.04602123785524187, 0.046021133004792616, 0.04602110060602533, 0.04602090520241808, 0.04602077732223257, 0.04602047081919221, 0.04602034336025532, 0.046020141307915347, 0.046019948548271045, 0.04601966691093294, 0.04601943905968786, 0.0460190988503297, 0.04601869687712358, 0.04601847674301701, 0.04601815648238103, 0.046018090843641765, 0.046017582975269526, 0.046017179166013285, 0.046016978574863386, 0.046016638442006395, 0.04601632941749271, 0.04601609139487688, 0.04601551194981188, 0.046015093934847366, 0.046014705667200326, 0.04601451627021246, 0.046014344150636884, 0.0460138300665295, 0.04601361655395964, 0.04601317919125924, 0.0460129201938956, 0.046012522020918434, 0.04601223538377122, 0.04601207095036038, 0.04601168943866095, 0.04601164319551439, 0.04601116164842152, 0.04601093564311542, 0.04601052721907745, 0.04601037152741394, 0.04601016694941739, 0.04601004938338386, 0.04600996961640907, 0.04600973180454573, 0.04600929707357739, 0.04600897953002526, 0.04600864186898907, 0.04600835791548614, 0.04600798926671392, 0.04600797434690259, 0.0460077128380814, 0.04600735502475415, 0.04600682058755573, 0.04600673809263939, 0.04600652429899098, 0.04600638279465438, 0.04600621270649289, 0.04600618529241579, 0.046005976177820374, 0.0460056048755548],