{"run name": "run_2cDM_811_HY_power00_sigma1_dir_4_Vkick55.65", "DM type": "2cDM", "baryon_type": "HY", "powerLaws": [0, 0], "sigma0": 1.0, "otherInfo": ["dir", "4", "Vkick55.65"], "Vkick": 55.65, "BoxSize": 100000, "NPart": 96, "Mass Resolution": [8260588.100480618], "Softening Length": 35.91954022988506, "redshifts": [46.54721920348852, 44.5622037875765, 42.45367379881284, 40.44272246832135, 38.52483404598187, 36.87473954609402, 35.12197041925631, 33.450316031392745, 31.856022550479437, 30.48433957173081, 29.027305700565993, 27.63770051714242, 26.312403553212587, 25.04843874971757, 23.960960799485814, 22.805816183578962, 21.704129409074024, 20.65342655126237, 19.749432874416154, 18.78918956244812, 17.873384439406017, 16.999960992518137, 16.24849327990495, 15.45026662890206, 14.688980351532482, 13.962924919302699, 13.270469917365952, 12.674702104803705, 12.041863543925086, 11.438311518216711, 10.862690703911504, 10.367443572408746, 9.841380439471834, 9.339662483009523, 8.861163055704282, 8.449476294368743, 8.012172948865935, 7.5951071498715965, 7.2167861446729695, 6.83652929673655, 6.491597745667503, 6.144901203416368, 5.830412255438365, 5.514314088998537, 5.2128443296138, 4.939380663491011, 4.664517702470927, 4.415189102629535, 4.1645847053761695, 3.931415978016882, 3.7031996580777644, 3.4908613692606485, 3.2830330579565246, 3.089664292734823, 2.9004026001834498, 2.7331426173187188, 2.581530360749893, 2.4442257045541464, 2.3161107439568918, 2.204127685233242, 2.095926226826756, 1.9984741090888938, 1.9075317015975188, 1.822689252620354, 1.741946069204546, 1.6682494625950324, 1.5980719886683934, 1.5312390291576135, 1.4690483326692818, 1.4112402265443573, 1.354785588105559, 1.301015190578822, 1.2511376829444645, 1.2023413353902335, 1.1571565189806767, 1.112898746713261, 1.070775132559132, 1.0306937131422726, 0.9913880999233948, 0.9540002664885061, 0.918450320949258, 0.8846630848858825, 0.8514709006246495, 0.8188632882717168, 0.7878885854383739, 0.7584825938678252, 0.7285361563681614, 0.7011136060193328, 0.6741261037109307, 0.647566747575876, 0.6214287452425136, 0.5966508105687431, 0.5722515209933166, 0.5491423583106516, 0.5263728571851616, 0.5039380252259511, 0.48271087652108324, 0.4609177941806475, 0.4402978492477432, 0.4208102228858266, 0.40075637134625763, 0.38180375206467954, 0.36310756693894675, 0.3446643463443455, 0.3272565541011043, 0.30929840757867866, 0.29234845666676534, 0.27561793689007197, 0.25910400753104357, 0.243171968587081, 0.22744152527254502, 0.21191012670252096, 0.19692966583655291, 0.18213437893919204, 0.1675219770689318, 0.15309019957794945, 0.13917412387986072, 0.125425994421281, 0.11184378434205589, 0.09842549124320032, 0.08549055127227123, 0.07270793175765555, 0.060075838990106156, 0.047592500382905634, 0.03525616422312572, 0.02336811931833105], "file_indices": [0, 1, 2, 3, 4, 5, 6, 7, 8, 9, 10, 11, 12, 13, 14, 15, 16, 17, 18, 19, 20, 21, 22, 23, 24, 25, 26, 27, 28, 29, 30, 31, 32, 33, 34, 35, 36, 37, 38, 39, 40, 41, 42, 43, 44, 45, 46, 47, 48, 49, 50, 51, 52, 53, 54, 55, 56, 57, 58, 59, 60, 61, 62, 63, 64, 65, 66, 67, 68, 69, 70, 71, 72, 73, 74, 75, 76, 77, 78, 79, 80, 81, 82, 83, 84, 85, 86, 87, 88, 89, 90, 91, 92, 93, 94, 95, 96, 97, 98, 99, 100, 101, 102, 103, 104, 105, 106, 107, 108, 109, 110, 111, 112, 113, 114, 115, 116, 117, 118, 119, 120, 121, 122, 123, 124, 125], "Omega0": [0.301712, 0.301712, 0.301712, 0.301712, 0.301712, 0.301712, 0.301712, 0.301712, 0.301712, 0.301712, 0.301712, 0.301712, 0.301712, 0.301712, 0.301712, 0.301712, 0.301712, 0.301712, 0.301712, 0.301712, 0.301712, 0.301712, 0.301712, 0.301712, 0.301712, 0.301712, 0.301712, 0.301712, 0.301712, 0.301712, 0.301712, 0.301712, 0.301712, 0.301712, 0.301712, 0.301712, 0.301712, 0.301712, 0.301712, 0.301712, 0.301712, 0.301712, 0.301712, 0.301712, 0.301712, 0.301712, 0.301712, 0.301712, 0.301712, 0.301712, 0.301712, 0.301712, 0.301712, 0.301712, 0.301712, 0.301712, 0.301712, 0.301712, 0.301712, 0.301712, 0.301712, 0.301712, 0.301712, 0.301712, 0.301712, 0.301712, 0.301712, 0.301712, 0.301712, 0.301712, 0.301712, 0.301712, 0.301712, 0.301712, 0.301712, 0.301712, 0.301712, 0.301712, 0.301712, 0.301712, 0.301712, 0.301712, 0.301712, 0.301712, 0.301712, 0.301712, 0.301712, 0.301712, 0.301712, 0.301712, 0.301712, 0.301712, 0.301712, 0.301712, 0.301712, 0.301712, 0.301712, 0.301712, 0.301712, 0.301712, 0.301712, 0.301712, 0.301712, 0.301712, 0.301712, 0.301712, 0.301712, 0.301712, 0.301712, 0.301712, 0.301712, 0.301712, 0.301712, 0.301712, 0.301712, 0.301712, 0.301712, 0.301712, 0.301712, 0.301712, 0.301712, 0.301712, 0.301712, 0.301712, 0.301712, 0.301712], "OmegaB": [0.04602263967414429, 0.04602263967414421, 0.046022639674144376, 0.04602263967414437, 0.046022639674144314, 0.04602263967414426, 0.04602263967414433, 0.04602263967414434, 0.04602263967414426, 0.04602263967414434, 0.0460226396741442, 0.046022639674144425, 0.046022639674144335, 0.04602263967414433, 0.04602263967414423, 0.04602263967414419, 0.04602263967414434, 0.046022639674144286, 0.046022639674144425, 0.04602263967414429, 0.046022639674144224, 0.04602263967414433, 0.04602263967414431, 0.04602263967414428, 0.04602263967414436, 0.04602263967414442, 0.046022639667077245, 0.04602263963878485, 0.046022639584682626, 0.04602263931626433, 0.046022639320646735, 0.046022638747205975, 0.046022627616011835, 0.04602262276456515, 0.04602261862837951, 0.046022610784653625, 0.046022593672638536, 0.04602245769227257, 0.046022306846500355, 0.04602206486111367, 0.04602170560455654, 0.046021150692719864, 0.046020291105622585, 0.04601896791986172, 0.04601661717664771, 0.04601400425401369, 0.04601017010813488, 0.04600446342255491, 0.045996829497803794, 0.04598677234301882, 0.04597480978175587, 0.04595968520743982, 0.04593961673854742, 0.04591744224220114, 0.04589084089103626, 0.045861458698993426, 0.04583001953410655, 0.04579866938014693, 0.045765972323250824, 0.04573395048694319, 0.04570133031109376, 0.04566829063511018, 0.04563686213222966, 0.045607261479699256, 0.045575587878841015, 0.045545549050671076, 0.045514521292787866, 0.04548593540606207, 0.04545767779504361, 0.04543061669526116, 0.04540429006719485, 0.045377673466569006, 0.04535323224006537, 0.04532866723080566, 0.04530750437663003, 0.045286778334951726, 0.04526628434904576, 0.04524525448397364, 0.0452264457332857, 0.04520639639558894, 0.04518913579195814, 0.04517261405858984, 0.045157067051237315, 0.04514247145866752, 0.045128078664823, 0.04511460110554461, 0.045101880335703046, 0.045089553557892445, 0.04507879594629126, 0.04506789947803346, 0.045058212778355464, 0.04504943497857028, 0.04504127370914788, 0.04503318989822046, 0.04502589836678738, 0.045019925009135354, 0.04501369872272461, 0.04500892974164435, 0.0450037229858665, 0.04499946401256611, 0.044995249157945845, 0.044991166735160994, 0.044988253121835735, 0.0449856302516459, 0.04498298018486639, 0.04498070049052136, 0.044977960212174734, 0.044975711539678546, 0.04497363660079544, 0.044971187272481415, 0.044969779651702645, 0.04496860630749552, 0.04496771462507326, 0.044966468631353756, 0.04496589256941702, 0.04496524973046589, 0.04496474337084382, 0.04496451853561633, 0.04496403063931193, 0.04496376156029659, 0.04496338319814174, 0.04496329374369257, 0.04496319284395728, 0.044963401157746725, 0.04496339559792213, 0.04496352910777871],