{"run name": "run_CDM_L3N256_HY_dir_1", "DM type": "CDM", "baryon_type": "HY", "otherInfo": ["dir", "1"], "BoxSize": 3000, "NPart": 256, "Mass Resolution": [117344.06239201137], "Softening Length": 0.4040948275862069, "redshifts": [5.24, 3.99, 3.0, 2.03], "file_indices": [2, 3, 4, 5], "Omega0": [0.301712, 0.301712, 0.301712, 0.301712], "OmegaB": [0.04725751395262985, 0.04722652754957375, 0.04716533148582292, 0.04702704150318934], "OmegaStar": [3.451547095436428e-05, 6.550187401046938e-05, 0.00012669793776140997, 0.00026486703858773897]}