{"run name": "run_CDM_L3N256_HY_dir_1", "DM type": "CDM", "baryon_type": "HY", "otherInfo": ["dir", "1"], "BoxSize": 3000, "NPart": 256, "Mass Resolution": [117344.06239201137, 21123.087754725388], "Softening Length": 0.4040948275862069, "redshifts": [99.0, 8.955128609158502, 5.236226422509304, 3.9916277163626868, 2.995420558949888, 2.0300187258611033, 0.999978793124213, 4.440892098500626e-16], "file_indices": [0, 1, 2, 3, 4, 5, 6, 7], "Omega0": [0.301712, 0.301712, 0.301712, 0.301712, 0.301712, 0.301712, 0.301712, 0.301712], "OmegaB": [0.04729202942358353, 0.047282549814205245, 0.04725751395262985, 0.04722652754957375, 0.04716533148582292, 0.04702704150318934, 0.0465059262878644, 0.0449535862381481], "OmegaStar": [9.479609379044402e-06, 3.451547095436428e-05, 6.550187401046938e-05, 0.00012669793776140997, 0.00026486703858773897, 0.0007854294746034576, 0.002335557808454884]}