{"run name": "run_CDM_710_HY", "DM type": "CDM", "baryon_type": "HY", "otherInfo": [], "BoxSize": 100000, "NPart": 48, "Mass Resolution": [66084704.80384494], "Softening Length": 71.83908045977012, "redshifts": [46.55, 44.56, 42.45, 40.44, 38.52, 36.87, 35.12, 33.45, 31.86, 30.48, 29.03, 27.64, 26.31, 25.05, 23.96, 22.81, 21.7, 20.65, 19.75, 18.79, 17.87, 17.0, 16.25, 15.45, 14.69, 13.96, 13.27, 12.67, 12.04, 11.44, 10.86, 10.37, 9.84, 9.34, 8.86, 8.45, 8.01, 7.6, 7.2, 6.82, 6.49, 6.14, 5.81, 5.5, 5.2, 4.94, 4.66, 4.4, 4.15, 3.93, 3.7, 3.49, 3.28, 3.08, 2.9, 2.73, 2.58, 2.44, 2.32, 2.2, 2.1, 1.99, 1.9, 1.82, 1.74, 1.67, 1.6, 1.53, 1.47, 1.41, 1.35, 1.3, 1.25, 1.2, 1.16, 1.11, 1.07, 1.03, 0.99, 0.95, 0.92, 0.88, 0.85, 0.82, 0.79, 0.76, 0.73, 0.7, 0.67, 0.65, 0.62, 0.6, 0.57, 0.55, 0.53, 0.5, 0.48, 0.46, 0.44, 0.42, 0.4, 0.38, 0.36, 0.34, 0.33, 0.31, 0.29, 0.28, 0.26, 0.24, 0.23, 0.21, 0.2, 0.18, 0.17, 0.15, 0.14, 0.13, 0.11, 0.1, 0.09, 0.07, 0.06, 0.05, 0.03, 0.02, 0.01, 0.0], "file_indices": [0, 1, 2, 3, 4, 5, 6, 7, 8, 9, 10, 11, 12, 13, 14, 15, 16, 17, 18, 19, 20, 21, 22, 23, 24, 25, 26, 27, 28, 29, 30, 31, 32, 33, 34, 35, 36, 37, 38, 39, 40, 41, 42, 43, 44, 45, 46, 47, 48, 49, 50, 51, 52, 53, 54, 55, 56, 57, 58, 59, 60, 61, 62, 63, 64, 65, 66, 67, 68, 69, 70, 71, 72, 73, 74, 75, 76, 77, 78, 79, 80, 81, 82, 83, 84, 85, 86, 87, 88, 89, 90, 91, 92, 93, 94, 95, 96, 97, 98, 99, 100, 101, 102, 103, 104, 105, 106, 107, 108, 109, 110, 111, 112, 113, 114, 115, 116, 117, 118, 119, 120, 121, 122, 123, 124, 125, 126, 127], "Omega0": [0.301712, 0.301712, 0.301712, 0.301712, 0.301712, 0.301712, 0.301712, 0.301712, 0.301712, 0.301712, 0.301712, 0.301712, 0.301712, 0.301712, 0.301712, 0.301712, 0.301712, 0.301712, 0.301712, 0.301712, 0.301712, 0.301712, 0.301712, 0.301712, 0.301712, 0.301712, 0.301712, 0.301712, 0.301712, 0.301712, 0.301712, 0.301712, 0.301712, 0.301712, 0.301712, 0.301712, 0.301712, 0.301712, 0.301712, 0.301712, 0.301712, 0.301712, 0.301712, 0.301712, 0.301712, 0.301712, 0.301712, 0.301712, 0.301712, 0.301712, 0.301712, 0.301712, 0.301712, 0.301712, 0.301712, 0.301712, 0.301712, 0.301712, 0.301712, 0.301712, 0.301712, 0.301712, 0.301712, 0.301712, 0.301712, 0.301712, 0.301712, 0.301712, 0.301712, 0.301712, 0.301712, 0.301712, 0.301712, 0.301712, 0.301712, 0.301712, 0.301712, 0.301712, 0.301712, 0.301712, 0.301712, 0.301712, 0.301712, 0.301712, 0.301712, 0.301712, 0.301712, 0.301712, 0.301712, 0.301712, 0.301712, 0.301712, 0.301712, 0.301712, 0.301712, 0.301712, 0.301712, 0.301712, 0.301712, 0.301712, 0.301712, 0.301712, 0.301712, 0.301712, 0.301712, 0.301712, 0.301712, 0.301712, 0.301712, 0.301712, 0.301712, 0.301712, 0.301712, 0.301712, 0.301712, 0.301712, 0.301712, 0.301712, 0.301712, 0.301712, 0.301712, 0.301712, 0.301712, 0.301712, 0.301712, 0.301712, 0.301712, 0.301712], "OmegaB": [0.04602263967414431, 0.04602263967414429, 0.04602263967414433, 0.046022639674144286, 0.046022639674144286, 0.04602263967414429, 0.04602263967414433, 0.046022639674144335, 0.046022639674144286, 0.04602263967414427, 0.04602263967414432, 0.04602263967414431, 0.04602263967414431, 0.04602263967414433, 0.046022639674144286, 0.046022639674144286, 0.04602263967414432, 0.04602263967414428, 0.04602263967414429, 0.046022639674144286, 0.04602263967414429, 0.046022639674144314, 0.04602263967414426, 0.046022639674144286, 0.04602263967414426, 0.046022639674144314, 0.04602263967414428, 0.04602263967414432, 0.04602263967414426, 0.04602263967414431, 0.04602263967414433, 0.04602263967414429, 0.04602263967414432, 0.04602263967414429, 0.04602263962518587, 0.04602263944475235, 0.046022639628943755, 0.04602263933017837, 0.04602263935934691, 0.04602263601260482, 0.04602263614166786, 0.04602263424923045, 0.046022631548578774, 0.046022627517874726, 0.04602262283881213, 0.0460226156588821, 0.04602260697422276, 0.04602259903889138, 0.046022588840500755, 0.04602257406480276, 0.046022552323027925, 0.046022535794077085, 0.0460225044098042, 0.04602244826062858, 0.04602240310119592, 0.04602236218394946, 0.046022318483443056, 0.04602224357756293, 0.046022196377302205, 0.04602213371867885, 0.04602206242962645, 0.04602200221225395, 0.046021929683295965, 0.046021789030737996, 0.04602170956903169, 0.04602151724337079, 0.04602133826360156, 0.04602123174792346, 0.04602119814833451, 0.04602104872980543, 0.046020765918449114, 0.04602057051397255, 0.04602024622045924, 0.04602007062575239, 0.0460197291423875, 0.04601946428055594, 0.046019144008252306, 0.04601862708396779, 0.04601843263713431, 0.04601797251611607, 0.04601771877279591, 0.04601727669472931, 0.04601703988791962, 0.04601685043350395, 0.046016344699776, 0.04601632539959666, 0.0460161381139971, 0.046015835452010226, 0.04601555810597363, 0.04601521116257292, 0.04601503064855104, 0.0460148468618045, 0.04601446853397191, 0.04601414371210061, 0.04601387823084974, 0.04601371858987886, 0.04601370327537501, 0.046013648763198675, 0.04601347349931073, 0.04601313491576494, 0.04601287901853814, 0.046012815168664845, 0.04601264292253081, 0.04601241537745193, 0.04601193839366726, 0.04601163508928278, 0.04601122729289493, 0.04601065109672501, 0.046010350880790744, 0.046009677807632016, 0.04600934463290913, 0.04600853355163424, 0.04600825648484585, 0.04600801735739457, 0.04600775571247489, 0.04600720757357667, 0.04600657657103955, 0.04600568365567925, 0.046005439876342105, 0.04600496489150064, 0.04600454699369234, 0.0460043799036088, 0.0460043296411519, 0.046004202991724, 0.046003580183566435, 0.04600340788401406, 0.04600284632498436, 0.046002597487532965], "OmegaStar": [4.8958397858960695e-11, 2.29391939490963e-10, 4.5200528821675064e-11, 3.4396596734930597e-10, 3.147973871033644e-10, 3.661539481167172e-09, 3.5324764319070056e-09, 5.424913827752267e-09, 8.12556555099871e-09, 1.215626959108819e-08, 1.683533215042782e-08, 2.4015262195503246e-08, 3.269992157208441e-08, 4.063525294034569e-08, 5.075773536035506e-08, 6.553343336521629e-08, 8.727520817298256e-08, 1.0373657967757962e-07, 1.350415916373077e-07, 1.9119076725945253e-07, 2.363501999010892e-07, 2.772674463272933e-07, 3.209679527742449e-07, 3.958025328626857e-07, 4.4300279363390993e-07, 5.055877025555746e-07, 5.768767549765428e-07, 6.369688015940037e-07, 7.094227378922674e-07, 8.500752959089556e-07, 9.295370022045881e-07, 1.1218626630743862e-06, 1.3008424322941441e-06, 1.407358110445103e-06, 1.4409576993738403e-06, 1.5903268052197409e-06, 1.8730859575684598e-06, 2.0684904341535883e-06, 2.3927839474174395e-06, 2.5683786542735007e-06, 2.909862019171494e-06, 3.174723850719756e-06, 3.494996154334665e-06, 4.011920438887288e-06, 4.206367272328506e-06, 4.6664882905739315e-06, 4.920231610760935e-06, 5.3623096773534835e-06, 5.59911648701701e-06, 5.788570902711509e-06, 6.293784751326561e-06, 6.313084930651397e-06, 6.500370530285879e-06, 6.803032517096982e-06, 7.080378553659531e-06, 7.427321954385932e-06, 7.607835976310568e-06, 7.791551967629966e-06, 8.169879800229141e-06, 8.494701671547407e-06, 8.760182922377892e-06, 8.919823893254988e-06, 8.935138397130305e-06, 8.989650573494541e-06, 9.164914461390384e-06, 9.503487546064148e-06, 9.759362340650444e-06, 9.82318967582877e-06, 9.995415122961793e-06, 1.0222945357677373e-05, 1.0699913747335214e-05, 1.1003204465968345e-05, 1.141098743407484e-05, 1.1987170133442278e-05, 1.2287281487953775e-05, 1.2960351140285146e-05, 1.3293518794063659e-05, 1.4104586354153468e-05, 1.4381638644006877e-05, 1.4620748136057766e-05, 1.488237712918343e-05, 1.543050027404062e-05, 1.6061487969847415e-05, 1.6954366840530135e-05, 1.7198142187525253e-05, 1.7673124749029447e-05, 1.8091022181890473e-05, 1.8258112115525374e-05, 1.8308374353514443e-05, 1.8435023698644805e-05, 1.9057831825750798e-05, 1.9230131378112386e-05, 1.9791690407834975e-05, 2.004052785924935e-05]}