{"run name": "run_2cDM_L3N256_HY_power00_sigma1_dir_0", "DM type": "2cDM", "baryon_type": "HY", "powerLaws": [0, 0], "sigma0": 1.0, "otherInfo": ["dir", "0"], "BoxSize": 3000, "NPart": 256, "Mass Resolution": [117344.06239201137], "Softening Length": 0.4040948275862069, "redshifts": [5.24, 3.99, 3.0, 2.03], "file_indices": [2, 3, 4, 5], "Omega0": [0.301712, 0.301712, 0.301712, 0.301712], "OmegaB": [0.04721227979783763, 0.047125236712270764, 0.04698798025600807, 0.04651913208545088], "OmegaStar": [7.974962574657679e-05, 0.00016668176687903972, 0.0003039014469937587, 0.0007723251118751602]}