{"run name": "run_2cDM_L3N256_HY_power00_sigma1_dir_0", "DM type": "2cDM", "baryon_type": "HY", "powerLaws": [0, 0], "sigma0": 1.0, "otherInfo": ["dir", "0"], "BoxSize": 3000, "NPart": 256, "Mass Resolution": [117344.06239201137, 21123.087754725388], "Softening Length": 0.4040948275862069, "redshifts": [99.0, 8.955128609158502, 5.236226422509304, 3.9916277163626868, 2.9999151729465807, 2.0300187258611033, 0.9988548118735108, 4.440892098500626e-16], "file_indices": [0, 1, 2, 3, 4, 5, 6, 7], "Omega0": [0.301712, 0.301712, 0.301712, 0.301712, 0.301712, 0.301712, 0.301712, 0.301712], "OmegaB": [0.04729202942358353, 0.04727891095538213, 0.04721227979783763, 0.047125236712270764, 0.04698798025600807, 0.04651913208545088, 0.04576525392092213, 0.04447388823876456], "OmegaStar": [1.311846820220718e-05, 7.974962574657679e-05, 0.00016668176687903972, 0.0003039014469937587, 0.0007723251118751602, 0.0015241175311468725, 0.00280887996605695]}