{"run name": "run_2cDM_L3N128_HY_power00_sigma0.1_var2", "DM type": "2cDM", "baryon_type": "HY", "powerLaws": [0, 0], "sigma0": 0.1, "otherInfo": ["var2"], "BoxSize": 3000, "NPart": 128, "Mass Resolution": [938752.499136091, 168984.7020378031], "Softening Length": 0.8081896551724138, "redshifts": [99.0, 8.955128609158502, 5.236226422509304, 3.9804160612484125, 2.995420558949888, 2.0232130250207168, 0.9988548118735108, 4.440892098500626e-16], "file_indices": [0, 1, 2, 3, 4, 5, 6, 7], "Omega0": [0.301712, 0.301712, 0.301712, 0.301712, 0.301712, 0.301712, 0.301712, 0.301712], "OmegaB": [0.0472920294235843, 0.04728041314743611, 0.04725277050911971, 0.04721877961299874, 0.0471723889258256, 0.04706515710255825, 0.046440845144637394, 0.04451774078916969], "OmegaStar": [1.161627614819929e-05, 3.9258914464583385e-05, 7.324981058556075e-05, 0.00011953201755758712, 0.00022663073864975062, 0.0008503808168685505, 0.002771739549659538]}