{"run name": "run_2cDM_L3N256_HY_powerm2m2_sigma1_dir_4", "DM type": "2cDM", "baryon_type": "HY", "powerLaws": [-2, -2], "sigma0": 1.0, "otherInfo": ["dir", "4"], "BoxSize": 3000, "NPart": 256, "Mass Resolution": [117344.06239201137, 21123.087754725388], "Softening Length": 0.4040948275862069, "redshifts": [99.0, 8.955128609158502, 5.236226422509304, 3.997243005033612, 2.9999151729465807, 2.0300187258611033, 0.999978793124213, 4.440892098500626e-16], "file_indices": [0, 1, 2, 3, 4, 5, 6, 7], "Omega0": [0.301712, 0.301712, 0.301712, 0.301712, 0.301712, 0.301712, 0.301712, 0.301712], "OmegaB": [0.04729202942358353, 0.047286489497308314, 0.047258163150948676, 0.04719915525448296, 0.047088957545808184, 0.04683844305406548, 0.04543723549693067, 0.044342185363356566], "OmegaStar": [5.539926275875513e-06, 3.386627263560722e-05, 9.276722220510687e-05, 0.00020295657309472767, 0.00045328699679766043, 0.0018527770548995635, 0.002943180426522211]}