{"run name": "run_2cDM_L3N256_HY_powerm2m2_sigma1_dir_4", "DM type": "2cDM", "baryon_type": "HY", "powerLaws": [-2, -2], "sigma0": 1.0, "otherInfo": ["dir", "4"], "BoxSize": 3000, "NPart": 256, "Mass Resolution": [117344.06239201137], "Softening Length": 0.4040948275862069, "redshifts": [5.24, 4.0, 3.0, 2.03], "file_indices": [2, 3, 4, 5], "Omega0": [0.301712, 0.301712, 0.301712, 0.301712], "OmegaB": [0.047258163150948676, 0.04719915525448296, 0.047088957545808184, 0.04683844305406548], "OmegaStar": [3.386627263560722e-05, 9.276722220510687e-05, 0.00020295657309472767, 0.00045328699679766043]}