{"run name": "run_2cDM_L3N256_DM_powerm2m2_sigma1", "DM type": "2cDM", "baryon_type": "DM", "powerLaws": [-2, -2], "sigma0": 1.0, "otherInfo": [], "BoxSize": 3000, "NPart": 256, "Mass Resolution": 138467.15014673676, "Softening Length": 0.4040948275862069, "redshifts": [99.0, 8.96, 5.24, 3.99, 3.0, 2.03, 1.0, 0.0]}