{"run name": "run_2cDM_710_HY_power00_sigma1_dir_8_Vkick154.85", "DM type": "2cDM", "baryon_type": "HY", "powerLaws": [0, 0], "sigma0": 1.0, "otherInfo": ["dir", "8", "Vkick154.85"], "Vkick": 154.85, "BoxSize": 100000, "NPart": 48, "Mass Resolution": [66084704.80384494], "Softening Length": 71.83908045977012, "redshifts": [46.54721920348852, 44.5622037875765, 42.45367379881284, 40.44272246832135, 38.52483404598187, 36.87473954609402, 35.12197041925631, 33.450316031392745, 31.856022550479437, 30.48433957173081, 29.027305700565993, 27.63770051714242, 26.312403553212587, 25.04843874971757, 23.960960799485814, 22.805816183578962, 21.704129409074024, 20.65342655126237, 19.749432874416154, 18.78918956244812, 17.873384439406017, 16.999960992518137, 16.24849327990495, 15.45026662890206, 14.688980351532482, 13.962924919302699, 13.270469917365952, 12.674702104803705, 12.041863543925086, 11.438311518216711, 10.862690703911504, 10.367443572408746, 9.841380439471834, 9.339662483009523, 8.861163055704282, 8.449476294368743, 8.012172948865935, 7.5951071498715965, 7.197342343177086, 6.81798531647716, 6.491597745667503, 6.144901203416368, 5.814249101415438, 5.498898934241171, 5.198142558173861, 4.939380663491011, 4.664517702470927, 4.402374863568138, 4.1523634843230806, 3.925577791189874, 3.697631651158252, 3.4908613692606485, 3.2830330579565246, 3.084822635834013, 2.8957850057274284, 2.7331426173187188, 2.5772902716018935, 2.4442257045541464, 2.3161107439568918, 2.2003343941932285, 2.095926226826756, 1.9949242864572514, 1.9040895435327672, 1.822689252620354, 1.7370783228960591, 1.6666695561144653, 1.5980719886683934, 1.5312390291576135, 1.4690483326692818, 1.4112402265443573, 1.354785588105559, 1.299652728461826, 1.2511376829444645, 1.201037299393231, 1.1571565189806767, 1.1116476708788934, 1.0695489986846227, 1.0306937131422726, 0.9902089721812193, 0.9528432765865742, 0.918450320949258, 0.8846630848858825, 0.8514709006246495, 0.8188632882717168, 0.7868299525023363, 0.7574413726158526, 0.7285361563681614, 0.7001063537185233, 0.6741261037109307, 0.6465912010918797, 0.6214287452425136, 0.5966508105687431, 0.5722515209933166, 0.5482250902345109, 0.5263728571851616, 0.5030475232448832, 0.4818329434209512, 0.4609177941806475, 0.4402978492477432, 0.41996894199726653, 0.3999269646135635, 0.38180375206467954, 0.36230045257092924, 0.3446643463443455, 0.3272565541011043, 0.30852315433938093, 0.29234845666676534, 0.27561793689007197, 0.25910400753104357, 0.24280386464756432, 0.22744152527254502, 0.21155127941248253, 0.1965752542696484, 0.1817843482653021, 0.16717627313569405, 0.15274876890238098, 0.13917412387986072, 0.12509275513287288, 0.11184378434205589, 0.09810024681941276, 0.08516913689169736, 0.07239030231811827, 0.05976194992054973, 0.04728230763713759, 0.03494962427363468, 0.02336811931833105, 0.01131704685408641, 2.220446049250313e-16], "file_indices": [0, 1, 2, 3, 4, 5, 6, 7, 8, 9, 10, 11, 12, 13, 14, 15, 16, 17, 18, 19, 20, 21, 22, 23, 24, 25, 26, 27, 28, 29, 30, 31, 32, 33, 34, 35, 36, 37, 38, 39, 40, 41, 42, 43, 44, 45, 46, 47, 48, 49, 50, 51, 52, 53, 54, 55, 56, 57, 58, 59, 60, 61, 62, 63, 64, 65, 66, 67, 68, 69, 70, 71, 72, 73, 74, 75, 76, 77, 78, 79, 80, 81, 82, 83, 84, 85, 86, 87, 88, 89, 90, 91, 92, 93, 94, 95, 96, 97, 98, 99, 100, 101, 102, 103, 104, 105, 106, 107, 108, 109, 110, 111, 112, 113, 114, 115, 116, 117, 118, 119, 120, 121, 122, 123, 124, 125, 126, 127], "Omega0": [0.301712, 0.301712, 0.301712, 0.301712, 0.301712, 0.301712, 0.301712, 0.301712, 0.301712, 0.301712, 0.301712, 0.301712, 0.301712, 0.301712, 0.301712, 0.301712, 0.301712, 0.301712, 0.301712, 0.301712, 0.301712, 0.301712, 0.301712, 0.301712, 0.301712, 0.301712, 0.301712, 0.301712, 0.301712, 0.301712, 0.301712, 0.301712, 0.301712, 0.301712, 0.301712, 0.301712, 0.301712, 0.301712, 0.301712, 0.301712, 0.301712, 0.301712, 0.301712, 0.301712, 0.301712, 0.301712, 0.301712, 0.301712, 0.301712, 0.301712, 0.301712, 0.301712, 0.301712, 0.301712, 0.301712, 0.301712, 0.301712, 0.301712, 0.301712, 0.301712, 0.301712, 0.301712, 0.301712, 0.301712, 0.301712, 0.301712, 0.301712, 0.301712, 0.301712, 0.301712, 0.301712, 0.301712, 0.301712, 0.301712, 0.301712, 0.301712, 0.301712, 0.301712, 0.301712, 0.301712, 0.301712, 0.301712, 0.301712, 0.301712, 0.301712, 0.301712, 0.301712, 0.301712, 0.301712, 0.301712, 0.301712, 0.301712, 0.301712, 0.301712, 0.301712, 0.301712, 0.301712, 0.301712, 0.301712, 0.301712, 0.301712, 0.301712, 0.301712, 0.301712, 0.301712, 0.301712, 0.301712, 0.301712, 0.301712, 0.301712, 0.301712, 0.301712, 0.301712, 0.301712, 0.301712, 0.301712, 0.301712, 0.301712, 0.301712, 0.301712, 0.301712, 0.301712, 0.301712, 0.301712, 0.301712, 0.301712, 0.301712, 0.301712], "OmegaB": [0.046022639674144286, 0.046022639674144286, 0.04602263967414431, 0.04602263967414427, 0.04602263967414431, 0.04602263967414432, 0.04602263967414431, 0.046022639674144335, 0.04602263967414428, 0.04602263967414429, 0.04602263967414434, 0.04602263967414429, 0.04602263967414429, 0.04602263967414431, 0.04602263967414429, 0.046022639674144335, 0.046022639674144314, 0.046022639674144265, 0.046022639674144314, 0.04602263967414431, 0.046022639674144314, 0.046022639674144265, 0.04602263967414428, 0.04602263967414429, 0.04602263967414427, 0.04602263967414429, 0.046022639674144286, 0.04602263967414431, 0.04602263967414431, 0.04602263967414429, 0.04602263967414427, 0.046022639674144314, 0.046022639674144286, 0.04602263959921745, 0.04602263950543494, 0.04602263935419872, 0.046022639581892934, 0.04602263951046727, 0.04602263916709975, 0.0460226363940577, 0.04602263497064436, 0.046022630395060875, 0.04602262855404741, 0.046022624263155384, 0.04602262026196287, 0.04602261467890592, 0.04602260723704263, 0.046022598136509295, 0.04602257872894591, 0.04602252669726496, 0.04602251591631955, 0.04602250143623445, 0.04602246323032138, 0.04602241359315395, 0.046022354365933923, 0.04602229321077271, 0.04602216419710537, 0.0460221091978548, 0.04602205845968891, 0.04602192132216788, 0.0460218795080765, 0.04602181631840117, 0.04602169920866861, 0.046021656048906553, 0.04602154784917871, 0.04602127771582196, 0.04602121755050226, 0.04602109126222168, 0.04602105434148701, 0.04602097671476533, 0.04602082761141082, 0.04602069013406224, 0.04602059346834228, 0.046020403217625454, 0.046020255306659895, 0.04601987785594305, 0.046019627155423105, 0.046019201438196565, 0.046018925489818, 0.04601858386451989, 0.046018079242272164, 0.04601756865392804, 0.04601711200255042, 0.04601663770121113, 0.04601613663202782, 0.046015798823125585, 0.046015484122015476, 0.046015177878389706, 0.04601497931495392, 0.04601441615451737, 0.046013918345645784, 0.04601299045183235, 0.046012542261808446, 0.046012359436286024, 0.04601205813690555, 0.046011549771802183, 0.04601144206498924, 0.046011089415936415, 0.04601086322999018, 0.04601039410361485, 0.04600974924920731, 0.04600967597238034, 0.04600921402247069, 0.04600899400360397, 0.04600896147722151, 0.04600870390663105, 0.04600839138959994, 0.046008203607724306, 0.04600785059562816, 0.046007872717192026, 0.0460077697145502, 0.04600778622654792, 0.04600759707277327, 0.046007225496626364, 0.046007257951409336, 0.04600709949026595, 0.04600680091336393, 0.046006499318462055, 0.046006070263100704, 0.04600580955577577, 0.04600545609244652, 0.046005177534391234, 0.046004673960086, 0.046004388267718056, 0.04600394714910163, 0.046003225948347826, 0.046002579351046284, 0.04600239897132023],