{"run name": "run_2cDM_L3N256_HY_power00_sigma10", "DM type": "2cDM", "baryon_type": "HY", "powerLaws": [0, 0], "sigma0": 10.0, "otherInfo": [], "BoxSize": 3000, "NPart": 256, "Mass Resolution": [117344.06239201137, 21123.087754725388], "Softening Length": 0.4040948275862069, "redshifts": [99.0, 8.955128609158502, 5.236226422509304, 3.9916277163626868, 2.9999151729465807, 2.0300187258611033, 0.9988548118735108, 4.440892098500626e-16], "file_indices": [0, 1, 2, 3, 4, 5, 6, 7], "Omega0": [0.301712, 0.301712, 0.301712, 0.301712, 0.301712, 0.301712, 0.301712, 0.301712], "OmegaB": [0.04729202942358353, 0.04728154421227464, 0.047255220325447087, 0.04721956016428592, 0.04713237685823864, 0.046912504061272044, 0.04613723472531375, 0.04503237666637838], "OmegaStar": [1.0485211309662373e-05, 3.6809098137250557e-05, 7.236186391009962e-05, 0.00015954167907716616, 0.00037927344083597283, 0.0011538811959320215, 0.002255663239335587]}