{"run name": "run_CDM_L3N256_HY", "DM type": "CDM", "baryon_type": "HY", "otherInfo": [], "BoxSize": 3000, "NPart": 256, "Mass Resolution": [117344.06239201137, 21123.087754725388], "Softening Length": 0.4040948275862069, "redshifts": [99.0, 8.955128609158502, 5.236226422509304, 3.9916277163626868, 2.9999151729465807, 2.0300187258611033, 0.9988548118735108, 4.440892098500626e-16], "file_indices": [0, 1, 2, 3, 4, 5, 6, 7], "Omega0": [0.301712, 0.301712, 0.301712, 0.301712, 0.301712, 0.301712, 0.301712, 0.301712], "OmegaB": [0.04729202942358353, 0.04727809177771916, 0.04723883364183751, 0.047191035594768456, 0.047061248235572145, 0.04686276487665945, 0.04609239593023145, 0.044781617216527694], "OmegaStar": [1.3937645865099088e-05, 5.319578174684772e-05, 0.00010088648693582935, 0.00023065720122567853, 0.0004287876597732381, 0.0011982025850181027, 0.0025058189637984884]}