{"run name": "run_CDM_L3N256_HY", "DM type": "CDM", "baryon_type": "HY", "otherInfo": [], "BoxSize": 3000, "NPart": 256, "Mass Resolution": [117344.06239201137], "Softening Length": 0.4040948275862069, "redshifts": [5.24, 3.99, 3.0, 2.03], "file_indices": [2, 3, 4, 5], "Omega0": [0.301712, 0.301712, 0.301712, 0.301712], "OmegaB": [0.04723883364183751, 0.047191035594768456, 0.047061248235572145, 0.04686276487665945], "OmegaStar": [5.319578174684772e-05, 0.00010088648693582935, 0.00023065720122567853, 0.0004287876597732381]}