{"run name": "run_CDM_L3N512_HY", "DM type": "CDM", "baryon_type": "HY", "otherInfo": [], "BoxSize": 3000, "NPart": 512, "Mass Resolution": [14668.007799001422], "Softening Length": 0.20204741379310345, "redshifts": [8.97753907993274, 5.236226422509304, 3.997243005033612, 2.9999151729465807], "file_indices": [1, 2, 3, 4], "Omega0": [0.301712, 0.301712, 0.301712, 0.301712], "OmegaB": [0.04727909406403301, 0.0472376407249358, 0.04718022029838113, 0.046990310119731434], "OmegaStar": [1.2935359551094226e-05, 5.4388698648402594e-05, 0.00011170092525122701, 0.0003016048913244715]}