{"run name": "run_2cDM_L3N128_HY_power00_sigma0.1_var6", "DM type": "2cDM", "baryon_type": "HY", "powerLaws": [0, 0], "sigma0": 0.1, "otherInfo": ["var6"], "BoxSize": 3000, "NPart": 128, "Mass Resolution": [938752.499136091, 168984.7020378031], "Softening Length": 0.8081896551724138, "redshifts": [99.0, 8.955128609158502, 5.236226422509304, 3.9804160612484125, 2.995420558949888, 2.0232130250207168, 0.9988548118735108, 4.440892098500626e-16], "file_indices": [0, 1, 2, 3, 4, 5, 6, 7], "Omega0": [0.301712, 0.301712, 0.301712, 0.301712, 0.301712, 0.301712, 0.301712, 0.301712], "OmegaB": [0.0472920294235843, 0.047282214997527425, 0.047260991212354914, 0.04723236671717315, 0.04719854259973413, 0.047129691889264885, 0.0469790904254788, 0.04644137819527246], "OmegaStar": [9.814426056887766e-06, 3.103821122937704e-05, 5.966270641114217e-05, 9.337573692615464e-05, 0.00016210320236065693, 0.0003124850372142375, 0.0008491315792090459]}