{"run name": "run_2cDM_L3N256_HY_power00_sigma1_dir_6", "DM type": "2cDM", "baryon_type": "HY", "powerLaws": [0, 0], "sigma0": 1.0, "otherInfo": ["dir", "6"], "BoxSize": 3000, "NPart": 256, "Mass Resolution": [117344.06239201137, 21123.087754725388], "Softening Length": 0.4040948275862069, "redshifts": [99.0, 8.96, 5.24, 4.0, 3.0, 2.03, 1.0, 0.0], "file_indices": [0, 1, 2, 3, 4, 5, 6, 7], "Omega0": [0.301712, 0.301712, 0.301712, 0.301712, 0.301712, 0.301712, 0.301712, 0.301712], "OmegaB": [0.04729202942358353, 0.04727276112019508, 0.047204664025032095, 0.04706359049619624, 0.04673563273126615, 0.04580734512453953, 0.04363581518126391, 0.04142348112240484], "OmegaStar": [1.9268303389218373e-05, 8.736539855220159e-05, 0.0002282204167799207, 0.000556037376233576, 0.0014841120786612263, 0.003653793105255257, 0.005861484639617134]}