{"run name": "run_2cDM_L3N256_HY_power00_sigma1_dir_6", "DM type": "2cDM", "baryon_type": "HY", "powerLaws": [0, 0], "sigma0": 1.0, "otherInfo": ["dir", "6"], "BoxSize": 3000, "NPart": 256, "Mass Resolution": [117344.06239201137], "Softening Length": 0.4040948275862069, "redshifts": [5.24, 4.0, 3.0, 2.03], "file_indices": [2, 3, 4, 5], "Omega0": [0.301712, 0.301712, 0.301712, 0.301712], "OmegaB": [0.047204664025032095, 0.04706359049619624, 0.04673563273126615, 0.04580734512453953], "OmegaStar": [8.736539855220159e-05, 0.0002282204167799207, 0.000556037376233576, 0.0014841120786612263]}