{"run name": "run_2cDM_L3N256_HY_power00_sigma1_dir_3", "DM type": "2cDM", "baryon_type": "HY", "powerLaws": [0, 0], "sigma0": 1.0, "otherInfo": ["dir", "3"], "BoxSize": 3000, "NPart": 256, "Mass Resolution": [117344.06239201137, 21123.087754725388], "Softening Length": 0.4040948275862069, "redshifts": [99.0, 8.98, 5.24, 3.99, 3.0, 2.03, 1.0, 0.0], "file_indices": [0, 1, 2, 3, 4, 5, 6, 7], "Omega0": [0.301712, 0.301712, 0.301712, 0.301712, 0.301712, 0.301712, 0.301712, 0.301712], "OmegaB": [0.04729202942358353, 0.04728312646291795, 0.047258801490637145, 0.047234029632334244, 0.047197673076807875, 0.047098337920543756, 0.04677884329245198, 0.045835073525686366], "OmegaStar": [8.902960666307565e-06, 3.322793294721539e-05, 5.799979125012012e-05, 9.435634677646372e-05, 0.00019356706412220663, 0.0005128169174071401, 0.0014550388834407631]}