{"run name": "run_2cDM_L3N256_DM_powerm2m2_sigma1.39_dir_4", "DM type": "2cDM", "baryon_type": "DM", "powerLaws": [-2, -2], "sigma0": 1.39, "otherInfo": ["dir", "4"], "BoxSize": 3000, "NPart": 256, "Mass Resolution": [138467.15014673676], "Softening Length": 0.4040948275862069, "redshifts": [99.0, 8.955128609158502, 5.236226422509304, 3.9916277163626868, 2.9999151729465807, 2.0300187258611033, 0.9988548118735108, 4.440892098500626e-16], "file_indices": [0, 1, 2, 3, 4, 5, 6, 7], "Omega0": [0.301712, 0.301712, 0.301712, 0.301712, 0.301712, 0.301712, 0.301712, 0.301712]}