{"run name": "run_2cDM_L10N256_HY_power00_sigma1", "DM type": "2cDM", "baryon_type": "HY", "powerLaws": [0, 0], "sigma0": 1.0, "otherInfo": [], "BoxSize": 10000, "NPart": 256, "Mass Resolution": [4346076.38488931, 782336.5835083476], "Softening Length": 1.3469827586206897, "redshifts": [99.0, 8.955128609158502, 5.236226422509304, 3.9804160612484125, 2.995420558949888, 2.0300187258611033, 0.9988548118735108, 4.440892098500626e-16], "file_indices": [0, 1, 2, 3, 4, 5, 6, 7], "Omega0": [0.301712, 0.301712, 0.301712, 0.301712, 0.301712, 0.301712, 0.301712, 0.301712], "OmegaB": [0.047292029423582474, 0.047265700666096776, 0.04717041518344233, 0.04704855687255566, 0.04680777111283727, 0.046315291227066104, 0.04535960920157056, 0.04408701070031755], "OmegaStar": [2.6328757487513516e-05, 0.00012156962653996791, 0.0002433221015988044, 0.00048387337752664645, 0.0009754621484667168, 0.00192891972470183, 0.0031991769509401606]}