{"run name": "run_2cDM_L10N256_HY_power00_sigma1", "DM type": "2cDM", "baryon_type": "HY", "powerLaws": [0, 0], "sigma0": 1.0, "otherInfo": [], "BoxSize": 10000, "NPart": 256, "Mass Resolution": [4346076.38488931, 782336.5835083476], "Softening Length": 1.3469827586206897, "redshifts": [99.0, 8.96, 5.24, 3.98, 3.0, 2.03, 1.0, 0.0]}