{"run name": "run_2cDM_L5N256_HY_power00_sigma1", "DM type": "2cDM", "baryon_type": "HY", "powerLaws": [0, 0], "sigma0": 1.0, "otherInfo": [], "BoxSize": 5000, "NPart": 256, "Mass Resolution": [543259.5481111638, 97792.07293854345], "Softening Length": 0.6734913793103449, "redshifts": [99.0, 8.955128609158502, 5.236226422509304, 3.9804160612484125, 2.995420558949888, 2.0300187258611033, 0.9988548118735108, 4.440892098500626e-16], "file_indices": [0, 1, 2, 3, 4, 5, 6, 7], "Omega0": [0.301712, 0.301712, 0.301712, 0.301712, 0.301712, 0.301712, 0.301712, 0.301712], "OmegaB": [0.047292029423582474, 0.04727413085598988, 0.047219258789539274, 0.047145925792396966, 0.047005349571354695, 0.04651475752831608, 0.045534082339867506, 0.04387669819464908], "OmegaStar": [1.789856759446845e-05, 7.272394958569171e-05, 0.0001460478607008946, 0.00028645885979769546, 0.000776719208667471, 0.0017568633617813083, 0.003412523575512246]}