{"run name": "run_CDM_L3N256_HY_dir_5", "DM type": "CDM", "baryon_type": "HY", "otherInfo": ["dir", "5"], "BoxSize": 3000, "NPart": 256, "Mass Resolution": [117344.06239201137], "Softening Length": 0.4040948275862069, "redshifts": [5.24, 3.99, 3.0, 2.03], "file_indices": [2, 3, 4, 5], "Omega0": [0.301712, 0.301712, 0.301712, 0.301712], "OmegaB": [0.047244646486311805, 0.04720130716619965, 0.04712195556252223, 0.046860951348322494], "OmegaStar": [4.738293727245536e-05, 9.072225738456752e-05, 0.00016985534023331882, 0.0004307414118546918]}