{"run name": "run_CDM_L3N256_HY_dir_5", "DM type": "CDM", "baryon_type": "HY", "otherInfo": ["dir", "5"], "BoxSize": 3000, "NPart": 256, "Mass Resolution": [117344.06239201137, 21123.087754725388], "Softening Length": 0.4040948275862069, "redshifts": [99.0, 8.955128609158502, 5.236226422509304, 3.9916277163626868, 2.9999151729465807, 2.0300187258611033, 0.9988548118735108, 4.440892098500626e-16], "file_indices": [0, 1, 2, 3, 4, 5, 6, 7], "Omega0": [0.301712, 0.301712, 0.301712, 0.301712, 0.301712, 0.301712, 0.301712, 0.301712], "OmegaB": [0.04729202942358353, 0.047280213244884836, 0.047244646486311805, 0.04720130716619965, 0.04712195556252223, 0.046860951348322494, 0.04609983488644462, 0.044792307225862214], "OmegaStar": [1.1816178699451668e-05, 4.738293727245536e-05, 9.072225738456752e-05, 0.00016985534023331882, 0.0004307414118546918, 0.0011913104241255681, 0.002496567749840971]}