{"run name": "run_2cDM_L3N512_DM_power00_sigma1", "DM type": "2cDM", "baryon_type": "DM", "powerLaws": [0, 0], "sigma0": 1.0, "otherInfo": [], "BoxSize": 3000, "NPart": 512, "Mass Resolution": [17308.393768342095], "Softening Length": 0.20204741379310345, "redshifts": [99.0, 8.97753907993274, 8.49596406553752, 7.99707959303093, 7.486154562084131, 6.986265609715332, 6.498942093324558, 5.994015049897162, 5.493816315762115, 5.236226422509304, 4.49837523730485, 3.997243005033612, 3.4960593062004452, 2.9999151729465807, 2.4990110378961092, 2.0300187258611033, 1.4986479967756585, 0.999978793124213, 0.4997725157515609, 4.440892098500626e-16, 99.0, 8.97753907993274, 8.49596406553752, 7.99707959303093, 7.486154562084131, 6.986265609715332, 6.498942093324558, 5.994015049897162, 5.493816315762115, 5.236226422509304, 4.49837523730485, 3.997243005033612, 3.4960593062004452, 2.9999151729465807, 2.4990110378961092, 2.0300187258611033, 1.4986479967756585, 0.999978793124213, 0.4997725157515609, 4.440892098500626e-16], "file_indices": [0, 1, 2, 3, 4, 5, 6, 7, 8, 9, 10, 11, 12, 13, 14, 15, 16, 17, 18, 19, 0, 1, 2, 3, 4, 5, 6, 7, 8, 9, 10, 11, 12, 13, 14, 15, 16, 17, 18, 19], "Omega0": [0.301712, 0.301712, 0.301712, 0.301712, 0.301712, 0.301712, 0.301712, 0.301712, 0.301712, 0.301712, 0.301712, 0.301712, 0.301712, 0.301712, 0.301712, 0.301712, 0.301712, 0.301712, 0.301712, 0.301712, 0.301712, 0.301712, 0.301712, 0.301712, 0.301712, 0.301712, 0.301712, 0.301712, 0.301712, 0.301712, 0.301712, 0.301712, 0.301712, 0.301712, 0.301712, 0.301712, 0.301712, 0.301712, 0.301712, 0.301712]}