{"run name": "run_2cDM_811_HY_power00_sigma1_dir_1_Vkick25.83", "DM type": "2cDM", "baryon_type": "HY", "powerLaws": [0, 0], "sigma0": 1.0, "otherInfo": ["dir", "1", "Vkick25.83"], "Vkick": 25.83, "BoxSize": 100000, "NPart": 96, "Mass Resolution": [8260588.100480618], "Softening Length": 35.91954022988506, "redshifts": [46.54721920348852, 44.5622037875765, 42.45367379881284, 40.44272246832135, 38.52483404598187, 36.87473954609402, 35.12197041925631, 33.450316031392745, 31.856022550479437, 30.48433957173081, 29.027305700565993, 27.63770051714242, 26.312403553212587, 25.04843874971757, 23.960960799485814, 22.805816183578962, 21.704129409074024, 20.65342655126237, 19.749432874416154, 18.78918956244812, 17.873384439406017, 16.999960992518137, 16.24849327990495, 15.45026662890206, 14.688980351532482, 13.962924919302699, 13.270469917365952, 12.674702104803705, 12.041863543925086, 11.438311518216711, 10.862690703911504, 10.367443572408746, 9.841380439471834, 9.339662483009523, 8.861163055704282, 8.449476294368743, 8.012172948865935, 7.5951071498715965, 7.2167861446729695, 6.83652929673655, 6.491597745667503, 6.144901203416368, 5.830412255438365, 5.514314088998537, 5.2128443296138, 4.939380663491011, 4.664517702470927, 4.415189102629535, 4.1645847053761695, 3.931415978016882, 3.7031996580777644, 3.4908613692606485, 3.2830330579565246, 3.089664292734823, 2.9004026001834498, 2.7331426173187188, 2.581530360749893, 2.4442257045541464, 2.3161107439568918, 2.204127685233242, 2.095926226826756, 1.9984741090888938, 1.9075317015975188, 1.822689252620354, 1.741946069204546, 1.6682494625950324, 1.5980719886683934, 1.5312390291576135, 1.4690483326692818, 1.4112402265443573, 1.354785588105559, 1.301015190578822, 1.2023413353902335, 1.1571565189806767, 1.112898746713261, 1.070775132559132, 1.0306937131422726, 0.9913880999233948, 0.9540002664885061, 0.918450320949258, 0.8846630848858825, 0.8514709006246495, 0.8188632882717168, 0.7878885854383739, 0.7584825938678252, 0.7285361563681614, 0.7011136060193328, 0.6741261037109307, 0.647566747575876, 0.6214287452425136, 0.5966508105687431, 0.5722515209933166, 0.5491423583106516, 0.5263728571851616, 0.5039380252259511, 0.48271087652108324, 0.4609177941806475, 0.4402978492477432, 0.4208102228858266, 0.40075637134625763, 0.38180375206467954, 0.36310756693894675, 0.3446643463443455, 0.3272565541011043, 0.30929840757867866, 0.29234845666676534, 0.27561793689007197, 0.25910400753104357, 0.243171968587081, 0.22744152527254502, 0.21191012670252096, 0.19692966583655291, 0.18213437893919204, 0.1675219770689318, 0.15309019957794945, 0.13917412387986072, 0.125425994421281, 0.11184378434205589, 0.09842549124320032, 0.08549055127227123, 0.07270793175765555, 0.060075838990106156, 0.047592500382905634, 0.03525616422312572, 0.02336811931833105, 0.011616587111110688, 2.220446049250313e-16, 2.220446049250313e-16], "file_indices": [0, 1, 2, 3, 4, 5, 6, 7, 8, 9, 10, 11, 12, 13, 14, 15, 16, 17, 18, 19, 20, 21, 22, 23, 24, 25, 26, 27, 28, 29, 30, 31, 32, 33, 34, 35, 36, 37, 38, 39, 40, 41, 42, 43, 44, 45, 46, 47, 48, 49, 50, 51, 52, 53, 54, 55, 56, 57, 58, 59, 60, 61, 62, 63, 64, 65, 66, 67, 68, 69, 70, 71, 72, 73, 74, 75, 76, 77, 78, 79, 80, 81, 82, 83, 84, 85, 86, 87, 88, 89, 90, 91, 92, 93, 94, 95, 96, 97, 98, 99, 100, 101, 102, 103, 104, 105, 106, 107, 108, 109, 110, 111, 112, 113, 114, 115, 116, 117, 118, 119, 120, 121, 122, 123, 124, 125, 126, 127], "Omega0": [0.301712, 0.301712, 0.301712, 0.301712, 0.301712, 0.301712, 0.301712, 0.301712, 0.301712, 0.301712, 0.301712, 0.301712, 0.301712, 0.301712, 0.301712, 0.301712, 0.301712, 0.301712, 0.301712, 0.301712, 0.301712, 0.301712, 0.301712, 0.301712, 0.301712, 0.301712, 0.301712, 0.301712, 0.301712, 0.301712, 0.301712, 0.301712, 0.301712, 0.301712, 0.301712, 0.301712, 0.301712, 0.301712, 0.301712, 0.301712, 0.301712, 0.301712, 0.301712, 0.301712, 0.301712, 0.301712, 0.301712, 0.301712, 0.301712, 0.301712, 0.301712, 0.301712, 0.301712, 0.301712, 0.301712, 0.301712, 0.301712, 0.301712, 0.301712, 0.301712, 0.301712, 0.301712, 0.301712, 0.301712, 0.301712, 0.301712, 0.301712, 0.301712, 0.301712, 0.301712, 0.301712, 0.301712, 0.301712, 0.301712, 0.301712, 0.301712, 0.301712, 0.301712, 0.301712, 0.301712, 0.301712, 0.301712, 0.301712, 0.301712, 0.301712, 0.301712, 0.301712, 0.301712, 0.301712, 0.301712, 0.301712, 0.301712, 0.301712, 0.301712, 0.301712, 0.301712, 0.301712, 0.301712, 0.301712, 0.301712, 0.301712, 0.301712, 0.301712, 0.301712, 0.301712, 0.301712, 0.301712, 0.301712, 0.301712, 0.301712, 0.301712, 0.301712, 0.301712, 0.301712, 0.301712, 0.301712, 0.301712, 0.301712, 0.301712, 0.301712, 0.301712, 0.301712, 0.301712, 0.301712, 0.301712, 0.301712, 0.301712, 0.301712], "OmegaB": [0.04602263967414428, 0.0460226396741442, 0.04602263967414438, 0.04602263967414432, 0.04602263967414434, 0.04602263967414424, 0.04602263967414428, 0.046022639674144335, 0.046022639674144265, 0.046022639674144314, 0.04602263967414438, 0.04602263967414421, 0.046022639674144175, 0.04602263967414438, 0.04602263967414426, 0.046022639674144286, 0.04602263967414427, 0.046022639674144265, 0.04602263967414442, 0.046022639674144265, 0.04602263967414424, 0.046022639674144314, 0.04602263967414421, 0.046022639674144286, 0.04602263967414418, 0.04602263965749161, 0.04602263963422195, 0.046022639636128335, 0.046022639607369326, 0.04602263943197464, 0.046022639189828254, 0.04602263896041698, 0.046022638800357105, 0.04602263221914225, 0.0460226205216136, 0.04602259294210228, 0.04602257915264998, 0.046022506123546816, 0.04602236927705268, 0.04602213135500532, 0.04602177050496487, 0.04602107840945651, 0.046020193193345264, 0.04601893557935007, 0.04601697633807532, 0.04601416123285918, 0.04601005251574574, 0.04600473252417091, 0.045996923834262404, 0.04598696263250449, 0.04597484723741944, 0.04595931917131708, 0.04593964109008158, 0.04591711065057274, 0.04588973544096711, 0.0458608445255603, 0.04583059839638457, 0.04579925021240036, 0.045767684449149, 0.045736687803481425, 0.045704123208750266, 0.045671084398279674, 0.04563967934919716, 0.04560927350332067, 0.04557768508190257, 0.04554826550534715, 0.045517972633781136, 0.04548920444248243, 0.045461722718114425, 0.04543564440238052, 0.045408247319083675, 0.045383074746700676, 0.04533454573219341, 0.04531105391329647, 0.04528991900102476, 0.04526845227722503, 0.04524788629466774, 0.04522752187435856, 0.04520828264475983, 0.04518957527217591, 0.04517229121965511, 0.04515673122866893, 0.045140257186543006, 0.04512569512324797, 0.04511158615804918, 0.04509843706728909, 0.045086261669021015, 0.045073329853950794, 0.045061617580399026, 0.0450501032675548, 0.0450405360780406, 0.04503184983910885, 0.04502301571579218, 0.04501435713493813, 0.04500651811249362, 0.044999996143978614, 0.04499327859949692, 0.04498622016781681, 0.04498108923502322, 0.044976447875764304, 0.04497238042201769, 0.044968783757271105, 0.044964739336483546, 0.044961039278048454, 0.0449576841732925, 0.04495438968265493, 0.04495163670304221, 0.04494893976600096, 0.044946706111073854, 0.04494502187078286, 0.04494408834163614, 0.044942886053472644, 0.0449414696729211, 0.04494033943088168, 0.044939540974290294, 0.044938955873967984, 0.04493826832439754, 0.044937749258052995, 0.044937222651025274, 0.04493672846666996, 0.04493630158619938, 0.04493624126828145, 0.04493626505969501, 0.044936230950808814, 0.044936239874012865, 0.04493654205555021, 0.04493648655905393, 0.04493648647515048],