{"run name": "run_2cDM_L3N256_DM_power00_sigma1_dir_4_Vkick55.65", "DM type": "2cDM", "baryon_type": "DM", "powerLaws": [0, 0], "sigma0": 1.0, "otherInfo": ["dir", "4", "Vkick55.65"], "Vkick": 55.65, "BoxSize": 3000, "NPart": 256, "Mass Resolution": 138467.15014673676, "Softening Length": 0.4040948275862069, "redshifts": [99.0, 8.96, 5.24, 3.99, 3.0, 2.03, 1.0, 0.0]}