{"run name": "run_2cDM_710_HY_power00_sigma1_dir_6_Vkick92.83", "DM type": "2cDM", "baryon_type": "HY", "powerLaws": [0, 0], "sigma0": 1.0, "otherInfo": ["dir", "6", "Vkick92.83"], "Vkick": 92.83, "BoxSize": 100000, "NPart": 48, "Mass Resolution": [66084704.80384494], "Softening Length": 71.83908045977012, "redshifts": [46.54721920348852, 44.5622037875765, 42.45367379881284, 40.44272246832135, 38.52483404598187, 36.87473954609402, 35.12197041925631, 33.450316031392745, 31.856022550479437, 30.48433957173081, 29.027305700565993, 27.63770051714242, 26.312403553212587, 25.04843874971757, 23.960960799485814, 22.805816183578962, 21.704129409074024, 20.65342655126237, 19.749432874416154, 18.78918956244812, 17.873384439406017, 16.999960992518137, 16.24849327990495, 15.45026662890206, 14.688980351532482, 13.962924919302699, 13.270469917365952, 12.674702104803705, 12.041863543925086, 11.438311518216711, 10.862690703911504, 10.367443572408746, 9.841380439471834, 9.339662483009523, 8.861163055704282, 8.449476294368743, 8.012172948865935, 7.5951071498715965, 7.197342343177086, 6.81798531647716, 6.491597745667503, 6.144901203416368, 5.814249101415438, 5.498898934241171, 5.198142558173861, 4.939380663491011, 4.664517702470927, 4.402374863568138, 4.1523634843230806, 3.925577791189874, 3.697631651158252, 3.4908613692606485, 3.2830330579565246, 3.084822635834013, 2.8957850057274284, 2.7331426173187188, 2.5772902716018935, 2.4442257045541464, 2.3161107439568918, 2.2003343941932285, 2.095926226826756, 1.9949242864572514, 1.9040895435327672, 1.822689252620354, 1.7370783228960591, 1.6666695561144653, 1.5980719886683934, 1.5312390291576135, 1.4690483326692818, 1.4112402265443573, 1.354785588105559, 1.299652728461826, 1.2511376829444645, 1.201037299393231, 1.1571565189806767, 1.1116476708788934, 1.0695489986846227, 1.0306937131422726, 0.9902089721812193, 0.9528432765865742, 0.918450320949258, 0.8846630848858825, 0.8514709006246495, 0.8188632882717168, 0.7868299525023363, 0.7574413726158526, 0.7285361563681614, 0.7001063537185233, 0.6741261037109307, 0.6465912010918797, 0.6214287452425136, 0.5966508105687431, 0.5722515209933166, 0.5482250902345109, 0.5263728571851616, 0.5030475232448832, 0.4818329434209512, 0.4609177941806475, 0.4402978492477432, 0.41996894199726653, 0.3999269646135635, 0.38180375206467954, 0.36310756693894675, 0.3446643463443455, 0.3272565541011043, 0.30929840757867866, 0.29234845666676534, 0.27561793689007197, 0.25910400753104357, 0.24280386464756432, 0.22744152527254502, 0.21155127941248253, 0.1965752542696484, 0.1817843482653021, 0.16717627313569405, 0.15274876890238098, 0.13917412387986072, 0.12509275513287288, 0.11184378434205589, 0.09810024681941276, 0.08516913689169736, 0.07239030231811827, 0.05976194992054973, 0.04728230763713759, 0.03494962427363468, 0.02336811931833105, 0.01131704685408641, 2.220446049250313e-16], "file_indices": [0, 1, 2, 3, 4, 5, 6, 7, 8, 9, 10, 11, 12, 13, 14, 15, 16, 17, 18, 19, 20, 21, 22, 23, 24, 25, 26, 27, 28, 29, 30, 31, 32, 33, 34, 35, 36, 37, 38, 39, 40, 41, 42, 43, 44, 45, 46, 47, 48, 49, 50, 51, 52, 53, 54, 55, 56, 57, 58, 59, 60, 61, 62, 63, 64, 65, 66, 67, 68, 69, 70, 71, 72, 73, 74, 75, 76, 77, 78, 79, 80, 81, 82, 83, 84, 85, 86, 87, 88, 89, 90, 91, 92, 93, 94, 95, 96, 97, 98, 99, 100, 101, 102, 103, 104, 105, 106, 107, 108, 109, 110, 111, 112, 113, 114, 115, 116, 117, 118, 119, 120, 121, 122, 123, 124, 125, 126, 127], "Omega0": [0.301712, 0.301712, 0.301712, 0.301712, 0.301712, 0.301712, 0.301712, 0.301712, 0.301712, 0.301712, 0.301712, 0.301712, 0.301712, 0.301712, 0.301712, 0.301712, 0.301712, 0.301712, 0.301712, 0.301712, 0.301712, 0.301712, 0.301712, 0.301712, 0.301712, 0.301712, 0.301712, 0.301712, 0.301712, 0.301712, 0.301712, 0.301712, 0.301712, 0.301712, 0.301712, 0.301712, 0.301712, 0.301712, 0.301712, 0.301712, 0.301712, 0.301712, 0.301712, 0.301712, 0.301712, 0.301712, 0.301712, 0.301712, 0.301712, 0.301712, 0.301712, 0.301712, 0.301712, 0.301712, 0.301712, 0.301712, 0.301712, 0.301712, 0.301712, 0.301712, 0.301712, 0.301712, 0.301712, 0.301712, 0.301712, 0.301712, 0.301712, 0.301712, 0.301712, 0.301712, 0.301712, 0.301712, 0.301712, 0.301712, 0.301712, 0.301712, 0.301712, 0.301712, 0.301712, 0.301712, 0.301712, 0.301712, 0.301712, 0.301712, 0.301712, 0.301712, 0.301712, 0.301712, 0.301712, 0.301712, 0.301712, 0.301712, 0.301712, 0.301712, 0.301712, 0.301712, 0.301712, 0.301712, 0.301712, 0.301712, 0.301712, 0.301712, 0.301712, 0.301712, 0.301712, 0.301712, 0.301712, 0.301712, 0.301712, 0.301712, 0.301712, 0.301712, 0.301712, 0.301712, 0.301712, 0.301712, 0.301712, 0.301712, 0.301712, 0.301712, 0.301712, 0.301712, 0.301712, 0.301712, 0.301712, 0.301712, 0.301712, 0.301712], "OmegaB": [0.04602263967414432, 0.046022639674144286, 0.04602263967414432, 0.046022639674144286, 0.04602263967414429, 0.046022639674144314, 0.046022639674144314, 0.046022639674144286, 0.046022639674144286, 0.04602263967414427, 0.04602263967414429, 0.04602263967414431, 0.04602263967414429, 0.046022639674144314, 0.046022639674144286, 0.04602263967414432, 0.04602263967414432, 0.046022639674144265, 0.04602263967414428, 0.046022639674144314, 0.046022639674144335, 0.046022639674144335, 0.046022639674144314, 0.046022639674144314, 0.04602263967414427, 0.04602263967414431, 0.046022639674144314, 0.046022639674144314, 0.04602263967414432, 0.04602263967414427, 0.04602263967414427, 0.04602263967414427, 0.046022639674144286, 0.04602263967414426, 0.04602263963107602, 0.04602263963308486, 0.04602263940563848, 0.046022639326637825, 0.04602263870968113, 0.04602263664072896, 0.046022635455344525, 0.04602263167949679, 0.046022629436661903, 0.0460226273010976, 0.04602261836658042, 0.04602261546103783, 0.046022607393767914, 0.04602259693061567, 0.04602258604394216, 0.04602257353523218, 0.04602255089561199, 0.04602252440564296, 0.04602249090197846, 0.04602235694015638, 0.04602232977063397, 0.04602223139090098, 0.0460221932367703, 0.04602216717337854, 0.04602210273948305, 0.046022014662993986, 0.04602196216547103, 0.04602192823053543, 0.046021836843525496, 0.046021765801426744, 0.046021702086425274, 0.04602165736228441, 0.04602157955177051, 0.0460213941722195, 0.0460212851494944, 0.04602116983595292, 0.04602097746636579, 0.04602074539026199, 0.046020581430718986, 0.04602022575319009, 0.04601995720286962, 0.04601966118035742, 0.046019427318566654, 0.04601911504505145, 0.04601861653320181, 0.046017911238555684, 0.046017692801976574, 0.04601739738900846, 0.046017045195556466, 0.04601672635685053, 0.04601596868118102, 0.0460159180336228, 0.04601549210443199, 0.046015227446345446, 0.0460150399050616, 0.04601458377276867, 0.046014160174599174, 0.04601402478659747, 0.046013834273995115, 0.04601320406805504, 0.046012611381851025, 0.04601232064828361, 0.046012114104230555, 0.046011957094537224, 0.04601144717996268, 0.0460106160331963, 0.04600990232893837, 0.04600980723747032, 0.04600950334465211, 0.04600902722431677, 0.04600882714970377, 0.046008582084337515, 0.046008239520630656, 0.046008135727441196, 0.046008059538137976, 0.04600797853609809, 0.04600786170977928, 0.04600767467722781, 0.04600757717588903, 0.04600727785462409, 0.0460073298376428, 0.04600715845675798, 0.04600699675249861, 0.046006970014934596, 0.04600673756980714, 0.04600677488788887, 0.04600655049805547, 0.046006348060884224, 0.046005952192673664, 0.04600540094050635, 0.04600521408339151, 0.046004932846188555, 0.046004604196345375, 0.04600455933221895],