{"run name": "run_2cDM_L3N256_HY_powerm2m2_sigma0.1", "DM type": "2cDM", "baryon_type": "HY", "powerLaws": [-2, -2], "sigma0": 0.1, "otherInfo": [], "BoxSize": 3000, "NPart": 256, "Mass Resolution": [117344.06239201137, 21123.087754725388], "Softening Length": 0.4040948275862069, "redshifts": [99.0, 8.955128609158502, 5.236226422509304, 3.9916277163626868, 2.9999151729465807, 2.0300187258611033, 0.9988548118735108, 4.440892098500626e-16], "file_indices": [0, 1, 2, 3, 4, 5, 6, 7], "Omega0": [0.301712, 0.301712, 0.301712, 0.301712, 0.301712, 0.301712, 0.301712, 0.301712], "OmegaB": [0.04729202942358353, 0.04728037804927294, 0.047246245829885916, 0.047202406570362516, 0.04708898678610952, 0.0468861783509609, 0.04616311855272787, 0.044928225106578734], "OmegaStar": [1.1651374311360974e-05, 4.578359369842658e-05, 8.951422901565278e-05, 0.00020292157964604284, 0.0004054294891924392, 0.0011277283901089297, 0.002359816296686426]}