{"run name": "run_CDM_L3N128_HY", "DM type": "CDM", "baryon_type": "HY", "otherInfo": [], "BoxSize": 3000, "NPart": 128, "Mass Resolution": [938752.499136091], "Softening Length": 0.8081896551724138, "redshifts": [5.24, 3.98, 3.0, 2.02], "file_indices": [2, 3, 4, 5], "Omega0": [0.301712, 0.301712, 0.301712, 0.301712], "OmegaB": [0.0472520571407483, 0.047205824480318556, 0.04713418922275387, 0.04701445882168151], "OmegaStar": [3.997228283599152e-05, 8.60968047625023e-05, 0.00015771494626816784, 0.00027715364808191315]}