{"run name": "run_CDM_L3N128_HY", "DM type": "CDM", "baryon_type": "HY", "otherInfo": [], "BoxSize": 3000, "NPart": 128, "Mass Resolution": [938752.499136091, 168984.7020378031], "Softening Length": 0.8081896551724138, "redshifts": [99.0, 8.955128609158502, 5.236226422509304, 3.9804160612484125, 2.995420558949888, 2.0232130250207168, 0.9988548118735108, 4.440892098500626e-16], "file_indices": [0, 1, 2, 3, 4, 5, 6, 7], "Omega0": [0.301712, 0.301712, 0.301712, 0.301712, 0.301712, 0.301712, 0.301712, 0.301712], "OmegaB": [0.0472920294235843, 0.04727774838782605, 0.0472520571407483, 0.047205824480318556, 0.04713418922275387, 0.04701445882168151, 0.04652932030152841, 0.04560913352315649], "OmegaStar": [1.428103575824846e-05, 3.997228283599152e-05, 8.60968047625023e-05, 0.00015771494626816784, 0.00027715364808191315, 0.0007617066130568771, 0.0016798976673803037]}