{"run name": "run_2cDM_L3N256_HY_powerm2m2_sigma1_dir_2", "DM type": "2cDM", "baryon_type": "HY", "powerLaws": [-2, -2], "sigma0": 1.0, "otherInfo": ["dir", "2"], "BoxSize": 3000, "NPart": 256, "Mass Resolution": [117344.06239201137], "Softening Length": 0.4040948275862069, "redshifts": [5.24, 3.99, 3.0, 2.03], "file_indices": [2, 3, 4, 5], "Omega0": [0.301712, 0.301712, 0.301712, 0.301712], "OmegaB": [0.04726767465289441, 0.04723724070352788, 0.04717682413197584, 0.04693120699344453], "OmegaStar": [2.4354770689953026e-05, 5.478872005633863e-05, 0.00011498926977767444, 0.00036047074311711927]}