{"run name": "run_2cDM_L3N256_HY_powerm2m2_sigma1_dir_2", "DM type": "2cDM", "baryon_type": "HY", "powerLaws": [-2, -2], "sigma0": 1.0, "otherInfo": ["dir", "2"], "BoxSize": 3000, "NPart": 256, "Mass Resolution": [117344.06239201137, 21123.087754725388], "Softening Length": 0.4040948275862069, "redshifts": [99.0, 8.955128609158502, 5.236226422509304, 3.9916277163626868, 2.9999151729465807, 2.0300187258611033, 0.9988548118735108, 4.440892098500626e-16], "file_indices": [0, 1, 2, 3, 4, 5, 6, 7], "Omega0": [0.301712, 0.301712, 0.301712, 0.301712, 0.301712, 0.301712, 0.301712, 0.301712], "OmegaB": [0.04729202942358353, 0.04728886344847885, 0.04726767465289441, 0.04723724070352788, 0.04717682413197584, 0.04693120699344453, 0.045996166605837864, 0.0445344279749374], "OmegaStar": [3.16597510549078e-06, 2.4354770689953026e-05, 5.478872005633863e-05, 0.00011498926977767444, 0.00036047074311711927, 0.0012946253891463675, 0.0027520174836157207]}