{"run name": "run_2cDM_L3N256_HY_powerm2m2_sigma1_dir_6", "DM type": "2cDM", "baryon_type": "HY", "powerLaws": [-2, -2], "sigma0": 1.0, "otherInfo": ["dir", "6"], "BoxSize": 3000, "NPart": 256, "Mass Resolution": [117344.06239201137], "Softening Length": 0.4040948275862069, "redshifts": [5.24, 4.0, 3.0, 2.03], "file_indices": [2, 3, 4, 5], "Omega0": [0.301712, 0.301712, 0.301712, 0.301712], "OmegaB": [0.047222032495893386, 0.04710245876363133, 0.04680258290935532, 0.04597504125397817], "OmegaStar": [6.999692769087641e-05, 0.00018935267648516007, 0.0004891003746630204, 0.0013164775217257981]}