{"run name": "run_2cDM_710_HY_power00_sigma1_dir_3_Vkick43.09", "DM type": "2cDM", "baryon_type": "HY", "powerLaws": [0, 0], "sigma0": 1.0, "otherInfo": ["dir", "3", "Vkick43.09"], "Vkick": 43.09, "BoxSize": 100000, "NPart": 48, "Mass Resolution": [66084704.80384494], "Softening Length": 71.83908045977012, "redshifts": [46.54721920348852, 44.5622037875765, 42.45367379881284, 40.44272246832135, 38.52483404598187, 36.87473954609402, 35.12197041925631, 33.450316031392745, 31.856022550479437, 30.48433957173081, 29.027305700565993, 27.63770051714242, 26.312403553212587, 25.04843874971757, 23.960960799485814, 22.805816183578962, 21.704129409074024, 20.65342655126237, 19.749432874416154, 18.78918956244812, 17.873384439406017, 16.999960992518137, 16.24849327990495, 15.45026662890206, 14.688980351532482, 13.962924919302699, 13.270469917365952, 12.674702104803705, 12.041863543925086, 11.438311518216711, 10.862690703911504, 10.367443572408746, 9.841380439471834, 9.339662483009523, 8.861163055704282, 8.449476294368743, 8.012172948865935, 7.5951071498715965, 7.197342343177086, 6.81798531647716, 6.491597745667503, 6.144901203416368, 5.814249101415438, 5.498898934241171, 5.198142558173861, 4.939380663491011, 4.664517702470927, 4.402374863568138, 4.1523634843230806, 3.925577791189874, 3.697631651158252, 3.4908613692606485, 3.2830330579565246, 3.084822635834013, 2.8957850057274284, 2.7331426173187188, 2.5772902716018935, 2.4442257045541464, 2.3161107439568918, 2.2003343941932285, 2.095926226826756, 1.9949242864572514, 1.9040895435327672, 1.822689252620354, 1.7370783228960591, 1.6666695561144653, 1.5980719886683934, 1.5312390291576135, 1.4690483326692818, 1.4112402265443573, 1.354785588105559, 1.299652728461826, 1.2511376829444645, 1.201037299393231, 1.1571565189806767, 1.1116476708788934, 1.0695489986846227, 1.0306937131422726, 0.9902089721812193, 0.9528432765865742, 0.918450320949258, 0.8846630848858825, 0.8514709006246495, 0.8188632882717168, 0.7868299525023363, 0.7574413726158526, 0.7285361563681614, 0.7001063537185233, 0.6741261037109307, 0.6465912010918797, 0.6214287452425136, 0.5966508105687431, 0.5722515209933166, 0.5482250902345109, 0.5263728571851616, 0.5030475232448832, 0.4818329434209512, 0.4609177941806475, 0.4402978492477432, 0.41996894199726653, 0.3999269646135635, 0.38180375206467954, 0.36230045257092924, 0.3446643463443455, 0.3272565541011043, 0.30852315433938093, 0.29234845666676534, 0.27561793689007197, 0.25910400753104357, 0.24280386464756432, 0.22744152527254502, 0.21155127941248253, 0.1965752542696484, 0.1817843482653021, 0.16717627313569405, 0.15274876890238098, 0.13917412387986072, 0.12509275513287288, 0.11184378434205589, 0.09810024681941276, 0.08516913689169736, 0.07239030231811827, 0.05976194992054973, 0.04728230763713759, 0.03494962427363468, 0.02336811931833105, 0.01131704685408641, 2.220446049250313e-16], "file_indices": [0, 1, 2, 3, 4, 5, 6, 7, 8, 9, 10, 11, 12, 13, 14, 15, 16, 17, 18, 19, 20, 21, 22, 23, 24, 25, 26, 27, 28, 29, 30, 31, 32, 33, 34, 35, 36, 37, 38, 39, 40, 41, 42, 43, 44, 45, 46, 47, 48, 49, 50, 51, 52, 53, 54, 55, 56, 57, 58, 59, 60, 61, 62, 63, 64, 65, 66, 67, 68, 69, 70, 71, 72, 73, 74, 75, 76, 77, 78, 79, 80, 81, 82, 83, 84, 85, 86, 87, 88, 89, 90, 91, 92, 93, 94, 95, 96, 97, 98, 99, 100, 101, 102, 103, 104, 105, 106, 107, 108, 109, 110, 111, 112, 113, 114, 115, 116, 117, 118, 119, 120, 121, 122, 123, 124, 125, 126, 127], "Omega0": [0.301712, 0.301712, 0.301712, 0.301712, 0.301712, 0.301712, 0.301712, 0.301712, 0.301712, 0.301712, 0.301712, 0.301712, 0.301712, 0.301712, 0.301712, 0.301712, 0.301712, 0.301712, 0.301712, 0.301712, 0.301712, 0.301712, 0.301712, 0.301712, 0.301712, 0.301712, 0.301712, 0.301712, 0.301712, 0.301712, 0.301712, 0.301712, 0.301712, 0.301712, 0.301712, 0.301712, 0.301712, 0.301712, 0.301712, 0.301712, 0.301712, 0.301712, 0.301712, 0.301712, 0.301712, 0.301712, 0.301712, 0.301712, 0.301712, 0.301712, 0.301712, 0.301712, 0.301712, 0.301712, 0.301712, 0.301712, 0.301712, 0.301712, 0.301712, 0.301712, 0.301712, 0.301712, 0.301712, 0.301712, 0.301712, 0.301712, 0.301712, 0.301712, 0.301712, 0.301712, 0.301712, 0.301712, 0.301712, 0.301712, 0.301712, 0.301712, 0.301712, 0.301712, 0.301712, 0.301712, 0.301712, 0.301712, 0.301712, 0.301712, 0.301712, 0.301712, 0.301712, 0.301712, 0.301712, 0.301712, 0.301712, 0.301712, 0.301712, 0.301712, 0.301712, 0.301712, 0.301712, 0.301712, 0.301712, 0.301712, 0.301712, 0.301712, 0.301712, 0.301712, 0.301712, 0.301712, 0.301712, 0.301712, 0.301712, 0.301712, 0.301712, 0.301712, 0.301712, 0.301712, 0.301712, 0.301712, 0.301712, 0.301712, 0.301712, 0.301712, 0.301712, 0.301712, 0.301712, 0.301712, 0.301712, 0.301712, 0.301712, 0.301712], "OmegaB": [0.04602263967414431, 0.04602263967414429, 0.04602263967414433, 0.04602263967414429, 0.04602263967414429, 0.046022639674144314, 0.046022639674144314, 0.046022639674144314, 0.04602263967414429, 0.04602263967414428, 0.04602263967414433, 0.04602263967414431, 0.04602263967414428, 0.046022639674144314, 0.04602263967414429, 0.04602263967414429, 0.04602263967414433, 0.046022639674144286, 0.04602263967414429, 0.046022639674144286, 0.04602263967414432, 0.04602263967414432, 0.04602263967414428, 0.04602263967414426, 0.046022639674144314, 0.04602263967414431, 0.04602263967414427, 0.04602263967414432, 0.046022639674144314, 0.04602263967414428, 0.04602263967414431, 0.046022639674144265, 0.046022639674144286, 0.046022639674144265, 0.046022639674144286, 0.04602263961082744, 0.0460226394097765, 0.04602263930827805, 0.04602263943378712, 0.046022638645764447, 0.046022636307002505, 0.04602263174482495, 0.04602262861293447, 0.04602262544935481, 0.04602262289712197, 0.04602261985070145, 0.04602260878708254, 0.046022604549775845, 0.04602259318670217, 0.046022577892723474, 0.04602242312693241, 0.04602241862187684, 0.04602238294142775, 0.04602234744615161, 0.04602231870125032, 0.046022251264889576, 0.04602220510689005, 0.046022153307054905, 0.04602213281488724, 0.046022116337317266, 0.04602201854873893, 0.04602198576372471, 0.04602193459389927, 0.046021857714710616, 0.04602178328254807, 0.04602166038931857, 0.04602157214688001, 0.04602140505894949, 0.0460213214815687, 0.04602125774876716, 0.046021123677761594, 0.046020932784495074, 0.04602084922011678, 0.04602068503830427, 0.04602048907145278, 0.04602021211082259, 0.046019995400776254, 0.04601975465812334, 0.046019277227458896, 0.04601918759446525, 0.04601862248597468, 0.046018052422431927, 0.046017713028288776, 0.04601733350003324, 0.04601656001914716, 0.046016150710868134, 0.046015701339259744, 0.0460150329193064, 0.04601428211955518, 0.046013954911788016, 0.046013772398921605, 0.04601365836193408, 0.04601314874966844, 0.04601253200018018, 0.04601222944900297, 0.04601184088172594, 0.04601120229208617, 0.046010951844483464, 0.046010485273008835, 0.046009954103232005, 0.046009517735300126, 0.04600915937009606, 0.04600886370064515, 0.04600841207405311, 0.046008094169337696, 0.04600752552181862, 0.046007020849556844, 0.04600663421362576, 0.04600628624583335, 0.046005886635079776, 0.046005597662915725, 0.04600556748370696, 0.046005395976546536, 0.04600489867018535, 0.04600424622130556, 0.04600413007177782, 0.04600379358367285, 0.04600341567174101, 0.046003016850298374, 0.04600226886390729, 0.04600178933508104, 0.04600141770145463, 0.04600082743512878, 0.04600041660653903, 0.04600004433077979, 0.04599988948132577, 0.04599947165171405, 0.04599928943381398],