{"run name": "run_CDM_L3N128_HY_var6", "DM type": "CDM", "baryon_type": "HY", "otherInfo": ["var6"], "BoxSize": 3000, "NPart": 128, "Mass Resolution": [938752.499136091, 168984.7020378031], "Softening Length": 0.8081896551724138, "redshifts": [99.0, 8.955128609158502, 5.236226422509304, 3.9804160612484125, 2.995420558949888, 2.0232130250207168, 0.9988548118735108, 4.440892098500626e-16], "file_indices": [0, 1, 2, 3, 4, 5, 6, 7], "Omega0": [0.301712, 0.301712, 0.301712, 0.301712, 0.301712, 0.301712, 0.301712, 0.301712], "OmegaB": [0.0472920294235843, 0.047282836275995915, 0.047263021555574714, 0.04723049041918348, 0.04720297422312749, 0.04714092564952815, 0.04697872796944556, 0.04631559307359395], "OmegaStar": [9.193147588375342e-06, 2.9007868009617625e-05, 6.153900440086283e-05, 8.894416687947051e-05, 0.00015086929657970162, 0.000312856240016901, 0.0009749279619586075]}