{"run name": "run_2cDM_L3N256_HY_powerm2m2_sigma1_dir_7", "DM type": "2cDM", "baryon_type": "HY", "powerLaws": [-2, -2], "sigma0": 1.0, "otherInfo": ["dir", "7"], "BoxSize": 3000, "NPart": 256, "Mass Resolution": [117344.06239201137, 21123.087754725388], "Softening Length": 0.4040948275862069, "redshifts": [99.0, 8.955128609158502, 5.236226422509304, 3.9916277163626868, 2.9999151729465807, 2.0300187258611033, 0.999978793124213, 4.440892098500626e-16], "file_indices": [0, 1, 2, 3, 4, 5, 6, 7], "Omega0": [0.301712, 0.301712, 0.301712, 0.301712, 0.301712, 0.301712, 0.301712, 0.301712], "OmegaB": [0.04729202942358353, 0.047288440032756965, 0.047273618660624954, 0.04724968919179037, 0.0472034372954475, 0.04699984965320762, 0.04630580364439534, 0.04509944197594647], "OmegaStar": [3.589390827177183e-06, 1.841076295932537e-05, 4.234023179391517e-05, 8.848425135926161e-05, 0.0002919113777385008, 0.0009850884222058266, 0.0021885186712433014]}