{"run name": "run_2cDM_L3N256_HY_powerm2m2_sigma1_dir_7", "DM type": "2cDM", "baryon_type": "HY", "powerLaws": [-2, -2], "sigma0": 1.0, "otherInfo": ["dir", "7"], "BoxSize": 3000, "NPart": 256, "Mass Resolution": [117344.06239201137], "Softening Length": 0.4040948275862069, "redshifts": [5.24, 3.99, 3.0, 2.03], "file_indices": [2, 3, 4, 5], "Omega0": [0.301712, 0.301712, 0.301712, 0.301712], "OmegaB": [0.047273618660624954, 0.04724968919179037, 0.0472034372954475, 0.04699984965320762], "OmegaStar": [1.841076295932537e-05, 4.234023179391517e-05, 8.848425135926161e-05, 0.0002919113777385008]}