{"run name": "run_2cDM_710_HY_power00_sigma1_dir_7_Vkick119.90", "DM type": "2cDM", "baryon_type": "HY", "powerLaws": [0, 0], "sigma0": 1.0, "otherInfo": ["dir", "7", "Vkick119.90"], "Vkick": 119.9, "BoxSize": 100000, "NPart": 48, "Mass Resolution": [66084704.80384494], "Softening Length": 71.83908045977012, "redshifts": [46.54721920348852, 44.5622037875765, 42.45367379881284, 40.44272246832135, 38.52483404598187, 36.87473954609402, 35.12197041925631, 33.450316031392745, 31.856022550479437, 30.48433957173081, 29.027305700565993, 27.63770051714242, 26.312403553212587, 25.04843874971757, 23.960960799485814, 22.805816183578962, 21.704129409074024, 20.65342655126237, 19.749432874416154, 18.78918956244812, 17.873384439406017, 16.999960992518137, 16.24849327990495, 15.45026662890206, 14.688980351532482, 13.962924919302699, 13.270469917365952, 12.674702104803705, 12.041863543925086, 11.438311518216711, 10.862690703911504, 10.367443572408746, 9.841380439471834, 9.339662483009523, 8.861163055704282, 8.449476294368743, 8.012172948865935, 7.5951071498715965, 7.197342343177086, 6.81798531647716, 6.491597745667503, 6.144901203416368, 5.814249101415438, 5.498898934241171, 5.198142558173861, 4.939380663491011, 4.664517702470927, 4.402374863568138, 4.1523634843230806, 3.925577791189874, 3.697631651158252, 3.4908613692606485, 3.2830330579565246, 3.084822635834013, 2.8957850057274284, 2.7331426173187188, 2.5772902716018935, 2.4442257045541464, 2.3161107439568918, 2.2003343941932285, 2.095926226826756, 1.9949242864572514, 1.9040895435327672, 1.822689252620354, 1.7370783228960591, 1.6666695561144653, 1.5980719886683934, 1.5312390291576135, 1.4690483326692818, 1.4112402265443573, 1.354785588105559, 1.299652728461826, 1.2511376829444645, 1.201037299393231, 1.1571565189806767, 1.1116476708788934, 1.0695489986846227, 1.0306937131422726, 0.9902089721812193, 0.9528432765865742, 0.918450320949258, 0.8846630848858825, 0.8514709006246495, 0.8188632882717168, 0.7868299525023363, 0.7574413726158526, 0.7285361563681614, 0.7001063537185233, 0.6741261037109307, 0.6465912010918797, 0.6214287452425136, 0.5966508105687431, 0.5722515209933166, 0.5482250902345109, 0.5263728571851616, 0.5030475232448832, 0.4818329434209512, 0.4609177941806475, 0.4402978492477432, 0.41996894199726653, 0.3999269646135635, 0.38180375206467954, 0.36230045257092924, 0.3446643463443455, 0.3272565541011043, 0.30852315433938093, 0.29234845666676534, 0.27561793689007197, 0.25910400753104357, 0.24280386464756432, 0.22744152527254502, 0.21155127941248253, 0.1965752542696484, 0.1817843482653021, 0.16717627313569405, 0.15274876890238098, 0.13917412387986072, 0.12509275513287288, 0.11184378434205589, 0.09810024681941276, 0.08516913689169736, 0.07239030231811827, 0.05976194992054973, 0.04728230763713759, 0.03494962427363468, 0.02336811931833105, 0.01131704685408641, 2.220446049250313e-16, 2.220446049250313e-16], "file_indices": [0, 1, 2, 3, 4, 5, 6, 7, 8, 9, 10, 11, 12, 13, 14, 15, 16, 17, 18, 19, 20, 21, 22, 23, 24, 25, 26, 27, 28, 29, 30, 31, 32, 33, 34, 35, 36, 37, 38, 39, 40, 41, 42, 43, 44, 45, 46, 47, 48, 49, 50, 51, 52, 53, 54, 55, 56, 57, 58, 59, 60, 61, 62, 63, 64, 65, 66, 67, 68, 69, 70, 71, 72, 73, 74, 75, 76, 77, 78, 79, 80, 81, 82, 83, 84, 85, 86, 87, 88, 89, 90, 91, 92, 93, 94, 95, 96, 97, 98, 99, 100, 101, 102, 103, 104, 105, 106, 107, 108, 109, 110, 111, 112, 113, 114, 115, 116, 117, 118, 119, 120, 121, 122, 123, 124, 125, 126, 127, 128], "Omega0": [0.301712, 0.301712, 0.301712, 0.301712, 0.301712, 0.301712, 0.301712, 0.301712, 0.301712, 0.301712, 0.301712, 0.301712, 0.301712, 0.301712, 0.301712, 0.301712, 0.301712, 0.301712, 0.301712, 0.301712, 0.301712, 0.301712, 0.301712, 0.301712, 0.301712, 0.301712, 0.301712, 0.301712, 0.301712, 0.301712, 0.301712, 0.301712, 0.301712, 0.301712, 0.301712, 0.301712, 0.301712, 0.301712, 0.301712, 0.301712, 0.301712, 0.301712, 0.301712, 0.301712, 0.301712, 0.301712, 0.301712, 0.301712, 0.301712, 0.301712, 0.301712, 0.301712, 0.301712, 0.301712, 0.301712, 0.301712, 0.301712, 0.301712, 0.301712, 0.301712, 0.301712, 0.301712, 0.301712, 0.301712, 0.301712, 0.301712, 0.301712, 0.301712, 0.301712, 0.301712, 0.301712, 0.301712, 0.301712, 0.301712, 0.301712, 0.301712, 0.301712, 0.301712, 0.301712, 0.301712, 0.301712, 0.301712, 0.301712, 0.301712, 0.301712, 0.301712, 0.301712, 0.301712, 0.301712, 0.301712, 0.301712, 0.301712, 0.301712, 0.301712, 0.301712, 0.301712, 0.301712, 0.301712, 0.301712, 0.301712, 0.301712, 0.301712, 0.301712, 0.301712, 0.301712, 0.301712, 0.301712, 0.301712, 0.301712, 0.301712, 0.301712, 0.301712, 0.301712, 0.301712, 0.301712, 0.301712, 0.301712, 0.301712, 0.301712, 0.301712, 0.301712, 0.301712, 0.301712, 0.301712, 0.301712, 0.301712, 0.301712, 0.301712, 0.301712], "OmegaB": [0.04602263967414431, 0.04602263967414427, 0.04602263967414431, 0.04602263967414427, 0.04602263967414431, 0.04602263967414429, 0.04602263967414432, 0.04602263967414429, 0.04602263967414429, 0.046022639674144286, 0.04602263967414429, 0.046022639674144314, 0.046022639674144286, 0.04602263967414434, 0.04602263967414426, 0.04602263967414431, 0.046022639674144314, 0.046022639674144224, 0.046022639674144314, 0.04602263967414431, 0.04602263967414433, 0.046022639674144286, 0.046022639674144314, 0.046022639674144314, 0.046022639674144286, 0.046022639674144265, 0.04602263967414426, 0.04602263967414427, 0.04602263967414428, 0.046022639674144314, 0.04602263967414429, 0.046022639674144314, 0.04602263967414426, 0.04602263967414431, 0.046022639638642206, 0.046022639499493194, 0.04602263957361586, 0.04602263937319394, 0.04602263894710432, 0.04602263765372737, 0.046022634603072134, 0.04602263274949904, 0.04602262850674994, 0.0460226258496787, 0.04602262103386552, 0.04602261520564171, 0.046022607630343965, 0.04602259168890291, 0.04602257985970444, 0.04602256676873052, 0.04602247903832262, 0.046022473342762237, 0.046022384342539, 0.046022320537188646, 0.046022237640432784, 0.046022158389754, 0.04602206274093191, 0.04602200870572651, 0.04602194295816864, 0.04602189352310864, 0.046021807411571955, 0.046021772149949465, 0.04602169147796589, 0.04602156908870946, 0.04602140715596592, 0.046021240120949644, 0.046021189622880786, 0.046021097555960205, 0.04602089978698579, 0.046020662450395974, 0.046020619004220734, 0.046020551802028846, 0.04602049147079016, 0.04602037688925521, 0.0460197919651748, 0.04601956802617124, 0.04601956679133851, 0.046019228214263165, 0.04601839174195254, 0.046018108780349176, 0.046017393699392464, 0.046016955678938716, 0.04601675873170417, 0.04601568435192456, 0.0460152841009689, 0.04601475875437035, 0.046014281684117496, 0.046013612517840564, 0.04601320362065154, 0.04601247423445083, 0.04601216664688517, 0.046011623373927425, 0.046011236821780314, 0.04601090493084493, 0.04601056164449263, 0.046010256590884195, 0.04600986126037788, 0.046009269966874926, 0.0460091746001521, 0.04600896306781975, 0.04600872433497243, 0.04600839776131692, 0.046007868278591844, 0.04600761030354878, 0.04600741838789335, 0.0460072418956479, 0.0460070960888335, 0.04600698734177388, 0.046006874277004076, 0.046006642810457514, 0.04600664731684322, 0.04600643703638925, 0.04600634021910451, 0.04600637524318864, 0.046006307183299594, 0.04600613679588491, 0.046005887779640355, 0.04600582859458494, 0.04600585058601214, 0.046005911673070325, 0.04600582761449459, 0.046005605194095196, 0.04600547629096799, 0.04600545812537648, 0.046005289540316574, 0.04600504545197929, 0.04600497549370777, 0.04600476944522166, 0.04600476939580506],