{"run name": "run_2cDM_L3N256_HY_powerm2m2_sigma1_dir_8", "DM type": "2cDM", "baryon_type": "HY", "powerLaws": [-2, -2], "sigma0": 1.0, "otherInfo": ["dir", "8"], "BoxSize": 3000, "NPart": 256, "Mass Resolution": [117344.06239201137], "Softening Length": 0.4040948275862069, "redshifts": [5.24, 3.99, 3.0, 2.03], "file_indices": [2, 3, 4, 5], "Omega0": [0.301712, 0.301712, 0.301712, 0.301712], "OmegaB": [0.04728048421661821, 0.04726293189558699, 0.04723293082741864, 0.04712345272576565], "OmegaStar": [1.1545206966086395e-05, 2.90975279972651e-05, 5.899008338020788e-05, 0.000168350742408347]}