{"run name": "run_2cDM_L3N256_HY_powerm2m2_sigma1_dir_8", "DM type": "2cDM", "baryon_type": "HY", "powerLaws": [-2, -2], "sigma0": 1.0, "otherInfo": ["dir", "8"], "BoxSize": 3000, "NPart": 256, "Mass Resolution": [117344.06239201137, 21123.087754725388], "Softening Length": 0.4040948275862069, "redshifts": [99.0, 8.96, 5.24, 3.99, 3.0, 2.03, 1.0, 0.0], "file_indices": [0, 1, 2, 3, 4, 5, 6, 7], "Omega0": [0.301712, 0.301712, 0.301712, 0.301712, 0.301712, 0.301712, 0.301712, 0.301712], "OmegaB": [0.04729202942358353, 0.0472898202862619, 0.04728048421661821, 0.04726293189558699, 0.04723293082741864, 0.04712345272576565, 0.04614890029633779, 0.04329169031920103], "OmegaStar": [2.2091373224110996e-06, 1.1545206966086395e-05, 2.90975279972651e-05, 5.899008338020788e-05, 0.000168350742408347, 0.0011424587906002346, 0.003995576438352505]}