{"run name": "run_2cDM_L3N128_HY_power00_sigma0.1", "DM type": "2cDM", "baryon_type": "HY", "powerLaws": [0, 0], "sigma0": 0.1, "otherInfo": [], "BoxSize": 3000, "NPart": 128, "Mass Resolution": [938752.499136091, 168984.7020378031], "Softening Length": 0.8081896551724138, "redshifts": [99.0, 8.955128609158502, 5.236226422509304, 3.9804160612484125, 2.995420558949888, 2.0232130250207168, 0.9988548118735108, 4.440892098500626e-16], "file_indices": [0, 1, 2, 3, 4, 5, 6, 7], "Omega0": [0.301712, 0.301712, 0.301712, 0.301712, 0.301712, 0.301712, 0.301712, 0.301712], "OmegaB": [0.0472920294235843, 0.047278221259785806, 0.04724831098280619, 0.04721170200986415, 0.04713858039906359, 0.04701779193662863, 0.04651525443558784, 0.04563357061436359], "OmegaStar": [1.3808163798501046e-05, 4.3718440778101475e-05, 8.032741372013441e-05, 0.00015332366634421878, 0.00027380596761665045, 0.0007757297854009664, 0.0016555634919289965]}