{"run name": "run_2cDM_811_HY_power00_sigma1_dir_7_Vkick119.90", "DM type": "2cDM", "baryon_type": "HY", "powerLaws": [0, 0], "sigma0": 1.0, "otherInfo": ["dir", "7", "Vkick119.90"], "Vkick": 119.9, "BoxSize": 100000, "NPart": 96, "Mass Resolution": [8260588.100480618], "Softening Length": 35.91954022988506, "redshifts": [46.54721920348852, 44.5622037875765, 42.45367379881284, 40.44272246832135, 38.52483404598187, 36.87473954609402, 35.12197041925631, 33.450316031392745, 31.856022550479437, 30.48433957173081, 29.027305700565993, 27.63770051714242, 26.312403553212587, 25.04843874971757, 23.960960799485814, 22.805816183578962, 21.704129409074024, 20.65342655126237, 19.749432874416154, 18.78918956244812, 17.873384439406017, 16.999960992518137, 16.24849327990495, 15.45026662890206, 14.688980351532482, 13.962924919302699, 13.270469917365952, 12.674702104803705, 12.041863543925086, 11.438311518216711, 10.862690703911504, 10.367443572408746, 9.841380439471834, 9.339662483009523, 8.861163055704282, 8.449476294368743, 8.012172948865935, 7.5951071498715965, 7.2167861446729695, 6.83652929673655, 6.491597745667503, 6.144901203416368, 5.830412255438365, 5.514314088998537, 5.2128443296138, 4.939380663491011, 4.664517702470927, 4.415189102629535, 4.1645847053761695, 3.931415978016882, 3.7031996580777644, 3.4908613692606485, 3.2830330579565246, 3.089664292734823, 2.9004026001834498, 2.7331426173187188, 2.581530360749893, 2.4442257045541464, 2.3161107439568918, 2.204127685233242, 2.095926226826756, 1.9984741090888938, 1.9075317015975188, 1.822689252620354, 1.741946069204546, 1.6682494625950324, 1.5980719886683934, 1.5312390291576135, 1.4690483326692818, 1.4112402265443573, 1.354785588105559, 1.301015190578822, 1.2511376829444645, 1.2023413353902335, 1.1571565189806767, 1.112898746713261, 1.070775132559132, 1.0306937131422726, 0.9913880999233948, 0.9540002664885061, 0.918450320949258, 0.8846630848858825, 0.8514709006246495, 0.8188632882717168, 0.7878885854383739, 0.7584825938678252, 0.7285361563681614, 0.7011136060193328, 0.6741261037109307, 0.647566747575876, 0.6214287452425136, 0.5966508105687431, 0.5722515209933166, 0.5491423583106516, 0.5263728571851616, 0.5039380252259511, 0.48271087652108324, 0.4609177941806475, 0.4402978492477432, 0.4208102228858266, 0.40075637134625763, 0.38180375206467954, 0.36310756693894675, 0.3446643463443455, 0.3272565541011043, 0.30968620642252054, 0.29234845666676534, 0.27561793689007197, 0.25910400753104357, 0.243171968587081, 0.22744152527254502, 0.21191012670252096, 0.19692966583655291, 0.18213437893919204, 0.1675219770689318, 0.15309019957794945, 0.13917412387986072, 0.125425994421281, 0.11184378434205589, 0.09842549124320032, 0.08549055127227123, 0.07270793175765555, 0.060075838990106156, 0.047592500382905634, 0.03525616422312572, 0.02336811931833105, 0.011616587111110688, 2.220446049250313e-16], "file_indices": [0, 1, 2, 3, 4, 5, 6, 7, 8, 9, 10, 11, 12, 13, 14, 15, 16, 17, 18, 19, 20, 21, 22, 23, 24, 25, 26, 27, 28, 29, 30, 31, 32, 33, 34, 35, 36, 37, 38, 39, 40, 41, 42, 43, 44, 45, 46, 47, 48, 49, 50, 51, 52, 53, 54, 55, 56, 57, 58, 59, 60, 61, 62, 63, 64, 65, 66, 67, 68, 69, 70, 71, 72, 73, 74, 75, 76, 77, 78, 79, 80, 81, 82, 83, 84, 85, 86, 87, 88, 89, 90, 91, 92, 93, 94, 95, 96, 97, 98, 99, 100, 101, 102, 103, 104, 105, 106, 107, 108, 109, 110, 111, 112, 113, 114, 115, 116, 117, 118, 119, 120, 121, 122, 123, 124, 125, 126, 127], "Omega0": [0.301712, 0.301712, 0.301712, 0.301712, 0.301712, 0.301712, 0.301712, 0.301712, 0.301712, 0.301712, 0.301712, 0.301712, 0.301712, 0.301712, 0.301712, 0.301712, 0.301712, 0.301712, 0.301712, 0.301712, 0.301712, 0.301712, 0.301712, 0.301712, 0.301712, 0.301712, 0.301712, 0.301712, 0.301712, 0.301712, 0.301712, 0.301712, 0.301712, 0.301712, 0.301712, 0.301712, 0.301712, 0.301712, 0.301712, 0.301712, 0.301712, 0.301712, 0.301712, 0.301712, 0.301712, 0.301712, 0.301712, 0.301712, 0.301712, 0.301712, 0.301712, 0.301712, 0.301712, 0.301712, 0.301712, 0.301712, 0.301712, 0.301712, 0.301712, 0.301712, 0.301712, 0.301712, 0.301712, 0.301712, 0.301712, 0.301712, 0.301712, 0.301712, 0.301712, 0.301712, 0.301712, 0.301712, 0.301712, 0.301712, 0.301712, 0.301712, 0.301712, 0.301712, 0.301712, 0.301712, 0.301712, 0.301712, 0.301712, 0.301712, 0.301712, 0.301712, 0.301712, 0.301712, 0.301712, 0.301712, 0.301712, 0.301712, 0.301712, 0.301712, 0.301712, 0.301712, 0.301712, 0.301712, 0.301712, 0.301712, 0.301712, 0.301712, 0.301712, 0.301712, 0.301712, 0.301712, 0.301712, 0.301712, 0.301712, 0.301712, 0.301712, 0.301712, 0.301712, 0.301712, 0.301712, 0.301712, 0.301712, 0.301712, 0.301712, 0.301712, 0.301712, 0.301712, 0.301712, 0.301712, 0.301712, 0.301712, 0.301712, 0.301712], "OmegaB": [0.046022639674144314, 0.04602263967414419, 0.046022639674144335, 0.046022639674144376, 0.04602263967414438, 0.04602263967414434, 0.04602263967414432, 0.04602263967414434, 0.04602263967414424, 0.046022639674144356, 0.04602263967414429, 0.04602263967414424, 0.046022639674144224, 0.046022639674144314, 0.04602263967414419, 0.04602263967414431, 0.04602263967414429, 0.046022639674144286, 0.046022639674144314, 0.04602263967414421, 0.04602263967414428, 0.04602263967414427, 0.04602263967414436, 0.04602263967414427, 0.0460226396741442, 0.04602263965730596, 0.046022639640799, 0.046022639615175366, 0.04602263954110133, 0.04602263945098134, 0.04602263927902789, 0.046022639243667486, 0.04602263899098362, 0.046022632540850705, 0.04602261710405126, 0.04602261727894493, 0.0460225985736301, 0.04602251744521737, 0.04602239547132516, 0.0460221993282902, 0.04602177614353989, 0.04602113327958614, 0.046020343743785073, 0.04601912154502119, 0.04601720147841432, 0.04601440021641746, 0.0460104635875914, 0.04600498577439726, 0.04599700071536514, 0.04598772469371167, 0.045975046258685565, 0.045959699488408765, 0.045940223780953436, 0.0459174276981236, 0.04589048802606683, 0.04586105633952888, 0.04583000748966448, 0.04579975422962465, 0.045767300447494864, 0.045735051734234575, 0.045701895711405635, 0.04567174567280309, 0.04563922844670417, 0.04560841937347726, 0.04557755497728166, 0.04554783313113291, 0.045518008616366366, 0.04548893230445521, 0.045460324579192884, 0.045433957263271305, 0.045407159880088255, 0.04538075827482737, 0.04535607424791627, 0.04533177251555464, 0.04530986417001265, 0.045287567614111915, 0.0452658994731682, 0.0452456608897842, 0.045226923551536, 0.045208464887135626, 0.045189830310761236, 0.0451722613887642, 0.045155998531188304, 0.04513881181347423, 0.045124983060509966, 0.045110894962253546, 0.045096838774026385, 0.04508398466983497, 0.04507185790886435, 0.04506046830724435, 0.045050071151168096, 0.04504129062150843, 0.04503202518823212, 0.04502475684917877, 0.045017109441162564, 0.04501018223713283, 0.04500407451712257, 0.044998331068830597, 0.044993330126974096, 0.04498864160474888, 0.04498421899493036, 0.04498092258299118, 0.04497719167644919, 0.04497366938977535, 0.04497097725232431, 0.0449686760634807, 0.044966803797066524, 0.04496484896891727, 0.04496286856872237, 0.044961106017535196, 0.044959877934398075, 0.044958428624112916, 0.044957332927696075, 0.04495617713748132, 0.044955378748830536, 0.04495463745386757, 0.04495331454807934, 0.044952871345622814, 0.04495227954570982, 0.04495217056891004, 0.04495208666556003, 0.04495187086518045, 0.04495176620545986, 0.04495165929868921, 0.044951605879784126, 0.04495157160957223, 0.04495192411891991, 0.04495214203457584],