{"run name": "run_2cDM_L3N256_HY_power00_sigma100", "DM type": "2cDM", "baryon_type": "HY", "powerLaws": [0, 0], "sigma0": 100.0, "otherInfo": [], "BoxSize": 3000, "NPart": 256, "Mass Resolution": [117344.06239201137, 21123.087754725388], "Softening Length": 0.4040948275862069, "redshifts": [99.0, 8.96, 5.24, 3.0, 2.03, 1.0, 0.0], "file_indices": [0, 1, 2, 3, 4, 5, 6], "Omega0": [0.301712, 0.301712, 0.301712, 0.301712, 0.301712, 0.301712, 0.301712], "OmegaB": [0.04729202942358353, 0.04728717541618816, 0.04727022128146092, 0.0471845312155157, 0.04697332045966949, 0.04618474649627918, 0.04579531671252518], "OmegaStar": [4.854007396189694e-06, 2.1808142123441554e-05, 0.00010739006328532057, 0.00031848178945884765, 0.0011065709693967492, 0.0014944094862804165]}