{"run name": "run_2cDM_L3N256_HY_power00_sigma1_dir_8", "DM type": "2cDM", "baryon_type": "HY", "powerLaws": [0, 0], "sigma0": 1.0, "otherInfo": ["dir", "8"], "BoxSize": 3000, "NPart": 256, "Mass Resolution": [117344.06239201137], "Softening Length": 0.4040948275862069, "redshifts": [5.24, 3.99, 3.0, 2.03], "file_indices": [2, 3, 4, 5], "Omega0": [0.301712, 0.301712, 0.301712, 0.301712], "OmegaB": [0.0472692853170231, 0.04724649773571154, 0.047206405787952266, 0.04707351407175683], "OmegaStar": [2.274410656129952e-05, 4.553168787280074e-05, 8.551493469072584e-05, 0.00021828664948039927]}