{"run name": "run_2cDM_710_HY_powerm2m2_sigma1", "DM type": "2cDM", "baryon_type": "HY", "powerLaws": [-2, -2], "sigma0": 1.0, "otherInfo": [], "BoxSize": 100000, "NPart": 48, "Mass Resolution": [66084704.80384494], "Softening Length": 71.83908045977012, "redshifts": [46.55, 44.56, 42.45, 40.44, 38.52, 36.87, 35.12, 33.45, 31.86, 30.48, 29.03, 27.64, 26.31, 25.05, 23.96, 22.81, 21.7, 20.65, 19.75, 18.79, 17.87, 17.0, 16.25, 15.45, 14.69, 13.96, 13.27, 12.67, 12.04, 11.44, 10.86, 10.37, 9.84, 9.34, 8.86, 8.45, 8.01, 7.6, 7.2, 6.82, 6.49, 6.14, 5.81, 5.5, 5.2, 4.94, 4.66, 4.4, 4.15, 3.93, 3.7, 3.49, 3.28, 3.08, 2.9, 2.73, 2.58, 2.44, 2.32, 2.2, 2.1, 1.99, 1.9, 1.82, 1.74, 1.67, 1.6, 1.53, 1.47, 1.41, 1.35, 1.3, 1.25, 1.2, 1.16, 1.11, 1.07, 1.03, 0.99, 0.95, 0.92, 0.88, 0.85, 0.82, 0.79, 0.76, 0.73, 0.7, 0.67, 0.65, 0.62, 0.6, 0.57, 0.55, 0.53, 0.5, 0.48, 0.46, 0.44, 0.42, 0.4, 0.38, 0.36, 0.34, 0.33, 0.31, 0.29, 0.28, 0.26, 0.24, 0.23, 0.21, 0.2, 0.18, 0.17, 0.15, 0.14, 0.13, 0.11, 0.1, 0.09, 0.07, 0.06, 0.05, 0.03, 0.02, 0.01, 0.0, 0.0], "file_indices": [0, 1, 2, 3, 4, 5, 6, 7, 8, 9, 10, 11, 12, 13, 14, 15, 16, 17, 18, 19, 20, 21, 22, 23, 24, 25, 26, 27, 28, 29, 30, 31, 32, 33, 34, 35, 36, 37, 38, 39, 40, 41, 42, 43, 44, 45, 46, 47, 48, 49, 50, 51, 52, 53, 54, 55, 56, 57, 58, 59, 60, 61, 62, 63, 64, 65, 66, 67, 68, 69, 70, 71, 72, 73, 74, 75, 76, 77, 78, 79, 80, 81, 82, 83, 84, 85, 86, 87, 88, 89, 90, 91, 92, 93, 94, 95, 96, 97, 98, 99, 100, 101, 102, 103, 104, 105, 106, 107, 108, 109, 110, 111, 112, 113, 114, 115, 116, 117, 118, 119, 120, 121, 122, 123, 124, 125, 126, 127, 128], "Omega0": [0.301712, 0.301712, 0.301712, 0.301712, 0.301712, 0.301712, 0.301712, 0.301712, 0.301712, 0.301712, 0.301712, 0.301712, 0.301712, 0.301712, 0.301712, 0.301712, 0.301712, 0.301712, 0.301712, 0.301712, 0.301712, 0.301712, 0.301712, 0.301712, 0.301712, 0.301712, 0.301712, 0.301712, 0.301712, 0.301712, 0.301712, 0.301712, 0.301712, 0.301712, 0.301712, 0.301712, 0.301712, 0.301712, 0.301712, 0.301712, 0.301712, 0.301712, 0.301712, 0.301712, 0.301712, 0.301712, 0.301712, 0.301712, 0.301712, 0.301712, 0.301712, 0.301712, 0.301712, 0.301712, 0.301712, 0.301712, 0.301712, 0.301712, 0.301712, 0.301712, 0.301712, 0.301712, 0.301712, 0.301712, 0.301712, 0.301712, 0.301712, 0.301712, 0.301712, 0.301712, 0.301712, 0.301712, 0.301712, 0.301712, 0.301712, 0.301712, 0.301712, 0.301712, 0.301712, 0.301712, 0.301712, 0.301712, 0.301712, 0.301712, 0.301712, 0.301712, 0.301712, 0.301712, 0.301712, 0.301712, 0.301712, 0.301712, 0.301712, 0.301712, 0.301712, 0.301712, 0.301712, 0.301712, 0.301712, 0.301712, 0.301712, 0.301712, 0.301712, 0.301712, 0.301712, 0.301712, 0.301712, 0.301712, 0.301712, 0.301712, 0.301712, 0.301712, 0.301712, 0.301712, 0.301712, 0.301712, 0.301712, 0.301712, 0.301712, 0.301712, 0.301712, 0.301712, 0.301712, 0.301712, 0.301712, 0.301712, 0.301712, 0.301712, 0.301712], "OmegaB": [0.04602263967414432, 0.04602263967414429, 0.046022639674144356, 0.04602263967414427, 0.04602263967414429, 0.046022639674144286, 0.04602263967414431, 0.04602263967414431, 0.04602263967414427, 0.04602263967414429, 0.04602263967414432, 0.04602263967414431, 0.04602263967414431, 0.046022639674144314, 0.046022639674144286, 0.046022639674144265, 0.04602263967414431, 0.046022639674144265, 0.046022639674144314, 0.04602263967414432, 0.04602263967414432, 0.04602263967414433, 0.04602263967414429, 0.04602263967414427, 0.04602263967414429, 0.04602263967414428, 0.046022639674144265, 0.04602263967414431, 0.04602263967414428, 0.04602263967414429, 0.046022639626290114, 0.04602263960066317, 0.04602263954877778, 0.046022639543647326, 0.04602263950267842, 0.04602263941045424, 0.04602263929131192, 0.04602263896894767, 0.04602263888202348, 0.046022638116907356, 0.046022637868187284, 0.046022635126381516, 0.046022632170290505, 0.04602262982603858, 0.046022625126983636, 0.04602262097723676, 0.04602261799660254, 0.04602260309166772, 0.04602255434178335, 0.046022478726150604, 0.04602245409157753, 0.04602242263371905, 0.04602239801175884, 0.04602236637124346, 0.0460222455891014, 0.046022193020865715, 0.046022153924103366, 0.04602211531548764, 0.04602205704835432, 0.04602198689602658, 0.046021919548492454, 0.046021885664498684, 0.04602181061579656, 0.04602168756576019, 0.046021553557237777, 0.04602143182623584, 0.04602137600403189, 0.046021131949395125, 0.04602096566812224, 0.0460205319127181, 0.046020461606502985, 0.04602028033241199, 0.04602006685525584, 0.04602006494094576, 0.046019852168059656, 0.04601940279512645, 0.046019348089582746, 0.04601881058427379, 0.04601858861110748, 0.04601827948454753, 0.04601800414298636, 0.046017674306926284, 0.04601750821430639, 0.0460171924207863, 0.046016852400849045, 0.04601656292006471, 0.04601620027926928, 0.04601599594505001, 0.046015567805638626, 0.04601545680696536, 0.04601513408049538, 0.046014872461811546, 0.046014747572339504, 0.04601428774567107, 0.04601367958214003, 0.046013086291742784, 0.04601261094929193, 0.04601233204293346, 0.04601191160295368, 0.04601159248923387, 0.046011429528992794, 0.046011240100054536, 0.04601114446318018, 0.04601056190207706, 0.04601044723920824, 0.04601018460208059, 0.046010122794571645, 0.04600979579004906, 0.046009443503399465, 0.04600924781088064, 0.04600934142255182, 0.046009107196041205, 0.046008939725162255, 0.04600862497621986, 0.04600855556743665, 0.046008275552842454, 0.046008133326917285, 0.04600761760144302, 0.046007077607438204, 0.04600654698001453, 0.046006129599453015, 0.04600578528907007, 0.04600520977410355, 0.04600511483007994, 0.04600506871959853, 0.04600499581565813, 0.046004831453178976, 0.04600480068372155, 0.046004800642985455],