{"run name": "run_2cDM_710_HY_powerm2m2_sigma1", "DM type": "2cDM", "baryon_type": "HY", "powerLaws": [-2, -2], "sigma0": 1.0, "otherInfo": [], "BoxSize": 100000, "NPart": 48, "Mass Resolution": [66084704.80384494], "Softening Length": 71.83908045977012, "redshifts": [46.54721920348852, 44.5622037875765, 42.45367379881284, 40.44272246832135, 38.52483404598187, 36.87473954609402, 35.12197041925631, 33.450316031392745, 31.856022550479437, 30.48433957173081, 29.027305700565993, 27.63770051714242, 26.312403553212587, 25.04843874971757, 23.960960799485814, 22.805816183578962, 21.704129409074024, 20.65342655126237, 19.749432874416154, 18.78918956244812, 17.873384439406017, 16.999960992518137, 16.24849327990495, 15.45026662890206, 14.688980351532482, 13.962924919302699, 13.270469917365952, 12.674702104803705, 12.041863543925086, 11.438311518216711, 10.862690703911504, 10.367443572408746, 9.841380439471834, 9.339662483009523, 8.861163055704282, 8.449476294368743, 8.012172948865935, 7.5951071498715965, 7.197342343177086, 6.81798531647716, 6.491597745667503, 6.144901203416368, 5.814249101415438, 5.498898934241171, 5.198142558173861, 4.939380663491011, 4.664517702470927, 4.402374863568138, 4.1523634843230806, 3.925577791189874, 3.697631651158252, 3.4908613692606485, 3.2830330579565246, 3.084822635834013, 2.8957850057274284, 2.7331426173187188, 2.5772902716018935, 2.4442257045541464, 2.3161107439568918, 2.2003343941932285, 2.095926226826756, 1.9949242864572514, 1.9040895435327672, 1.822689252620354, 1.7370783228960591, 1.6666695561144653, 1.5980719886683934, 1.5312390291576135, 1.4690483326692818, 1.4112402265443573, 1.354785588105559, 1.299652728461826, 1.2511376829444645, 1.201037299393231, 1.1571565189806767, 1.1116476708788934, 1.0695489986846227, 1.0306937131422726, 0.9902089721812193, 0.9528432765865742, 0.918450320949258, 0.8846630848858825, 0.8514709006246495, 0.8188632882717168, 0.7868299525023363, 0.7574413726158526, 0.7285361563681614, 0.7001063537185233, 0.6741261037109307, 0.6465912010918797, 0.6214287452425136, 0.5966508105687431, 0.5722515209933166, 0.5482250902345109, 0.5263728571851616, 0.5030475232448832, 0.4818329434209512, 0.4609177941806475, 0.4402978492477432, 0.41996894199726653, 0.3999269646135635, 0.38180375206467954, 0.36230045257092924, 0.3446643463443455, 0.3272565541011043, 0.30852315433938093, 0.29234845666676534, 0.27561793689007197, 0.25910400753104357, 0.24280386464756432, 0.22744152527254502, 0.21155127941248253, 0.1965752542696484, 0.1817843482653021, 0.16717627313569405, 0.15274876890238098, 0.13917412387986072, 0.12509275513287288, 0.11184378434205589, 0.09810024681941276, 0.08516913689169736, 0.07239030231811827, 0.05976194992054973, 0.04728230763713759, 0.03494962427363468, 0.02336811931833105, 0.01131704685408641, 2.220446049250313e-16, 2.220446049250313e-16], "file_indices": [0, 1, 2, 3, 4, 5, 6, 7, 8, 9, 10, 11, 12, 13, 14, 15, 16, 17, 18, 19, 20, 21, 22, 23, 24, 25, 26, 27, 28, 29, 30, 31, 32, 33, 34, 35, 36, 37, 38, 39, 40, 41, 42, 43, 44, 45, 46, 47, 48, 49, 50, 51, 52, 53, 54, 55, 56, 57, 58, 59, 60, 61, 62, 63, 64, 65, 66, 67, 68, 69, 70, 71, 72, 73, 74, 75, 76, 77, 78, 79, 80, 81, 82, 83, 84, 85, 86, 87, 88, 89, 90, 91, 92, 93, 94, 95, 96, 97, 98, 99, 100, 101, 102, 103, 104, 105, 106, 107, 108, 109, 110, 111, 112, 113, 114, 115, 116, 117, 118, 119, 120, 121, 122, 123, 124, 125, 126, 127, 128], "Omega0": [0.301712, 0.301712, 0.301712, 0.301712, 0.301712, 0.301712, 0.301712, 0.301712, 0.301712, 0.301712, 0.301712, 0.301712, 0.301712, 0.301712, 0.301712, 0.301712, 0.301712, 0.301712, 0.301712, 0.301712, 0.301712, 0.301712, 0.301712, 0.301712, 0.301712, 0.301712, 0.301712, 0.301712, 0.301712, 0.301712, 0.301712, 0.301712, 0.301712, 0.301712, 0.301712, 0.301712, 0.301712, 0.301712, 0.301712, 0.301712, 0.301712, 0.301712, 0.301712, 0.301712, 0.301712, 0.301712, 0.301712, 0.301712, 0.301712, 0.301712, 0.301712, 0.301712, 0.301712, 0.301712, 0.301712, 0.301712, 0.301712, 0.301712, 0.301712, 0.301712, 0.301712, 0.301712, 0.301712, 0.301712, 0.301712, 0.301712, 0.301712, 0.301712, 0.301712, 0.301712, 0.301712, 0.301712, 0.301712, 0.301712, 0.301712, 0.301712, 0.301712, 0.301712, 0.301712, 0.301712, 0.301712, 0.301712, 0.301712, 0.301712, 0.301712, 0.301712, 0.301712, 0.301712, 0.301712, 0.301712, 0.301712, 0.301712, 0.301712, 0.301712, 0.301712, 0.301712, 0.301712, 0.301712, 0.301712, 0.301712, 0.301712, 0.301712, 0.301712, 0.301712, 0.301712, 0.301712, 0.301712, 0.301712, 0.301712, 0.301712, 0.301712, 0.301712, 0.301712, 0.301712, 0.301712, 0.301712, 0.301712, 0.301712, 0.301712, 0.301712, 0.301712, 0.301712, 0.301712, 0.301712, 0.301712, 0.301712, 0.301712, 0.301712, 0.301712], "OmegaB": [0.04602263967414432, 0.04602263967414429, 0.046022639674144356, 0.04602263967414427, 0.04602263967414429, 0.046022639674144286, 0.04602263967414431, 0.04602263967414431, 0.04602263967414427, 0.04602263967414429, 0.04602263967414432, 0.04602263967414431, 0.04602263967414431, 0.046022639674144314, 0.046022639674144286, 0.046022639674144265, 0.04602263967414431, 0.046022639674144265, 0.046022639674144314, 0.04602263967414432, 0.04602263967414432, 0.04602263967414433, 0.04602263967414429, 0.04602263967414427, 0.04602263967414429, 0.04602263967414428, 0.046022639674144265, 0.04602263967414431, 0.04602263967414428, 0.04602263967414429, 0.046022639626290114, 0.04602263960066317, 0.04602263954877778, 0.046022639543647326, 0.04602263950267842, 0.04602263941045424, 0.04602263929131192, 0.04602263896894767, 0.04602263888202348, 0.046022638116907356, 0.046022637868187284, 0.046022635126381516, 0.046022632170290505, 0.04602262982603858, 0.046022625126983636, 0.04602262097723676, 0.04602261799660254, 0.04602260309166772, 0.04602255434178335, 0.046022478726150604, 0.04602245409157753, 0.04602242263371905, 0.04602239801175884, 0.04602236637124346, 0.0460222455891014, 0.046022193020865715, 0.046022153924103366, 0.04602211531548764, 0.04602205704835432, 0.04602198689602658, 0.046021919548492454, 0.046021885664498684, 0.04602181061579656, 0.04602168756576019, 0.046021553557237777, 0.04602143182623584, 0.04602137600403189, 0.046021131949395125, 0.04602096566812224, 0.0460205319127181, 0.046020461606502985, 0.04602028033241199, 0.04602006685525584, 0.04602006494094576, 0.046019852168059656, 0.04601940279512645, 0.046019348089582746, 0.04601881058427379, 0.04601858861110748, 0.04601827948454753, 0.04601800414298636, 0.046017674306926284, 0.04601750821430639, 0.0460171924207863, 0.046016852400849045, 0.04601656292006471, 0.04601620027926928, 0.04601599594505001, 0.046015567805638626, 0.04601545680696536, 0.04601513408049538, 0.046014872461811546, 0.046014747572339504, 0.04601428774567107, 0.04601367958214003, 0.046013086291742784, 0.04601261094929193, 0.04601233204293346, 0.04601191160295368, 0.04601159248923387, 0.046011429528992794, 0.046011240100054536, 0.04601114446318018, 0.04601056190207706, 0.04601044723920824, 0.04601018460208059, 0.046010122794571645, 0.04600979579004906, 0.046009443503399465, 0.04600924781088064, 0.04600934142255182, 0.046009107196041205, 0.046008939725162255, 0.04600862497621986, 0.04600855556743665, 0.046008275552842454, 0.046008133326917285, 0.04600761760144302, 0.046007077607438204, 0.04600654698001453, 0.046006129599453015, 0.04600578528907007, 0.04600520977410355, 0.04600511483007994, 0.04600506871959853, 0.04600499581565813, 0.046004831453178976, 0.04600480068372155, 0.046004800642985455],