{"run name": "run_2cDM_710_HY_power00_sigma1", "DM type": "2cDM", "baryon_type": "HY", "powerLaws": [0, 0], "sigma0": 1.0, "otherInfo": [], "BoxSize": 100000, "NPart": 48, "Mass Resolution": [66084704.80384494], "Softening Length": 71.83908045977012, "redshifts": [46.55, 44.56, 42.45, 40.44, 38.52, 36.87, 35.12, 33.45, 31.86, 30.48, 29.03, 27.64, 26.31, 25.05, 23.96, 22.81, 21.7, 20.65, 19.75, 18.79, 17.87, 17.0, 16.25, 15.45, 14.69, 13.96, 13.27, 12.67, 12.04, 11.44, 10.86, 10.37, 9.84, 9.34, 8.86, 8.45, 8.01, 7.6, 7.2, 6.82, 6.49, 6.14, 5.81, 5.5, 5.2, 4.94, 4.66, 4.4, 4.15, 3.93, 3.7, 3.49, 3.28, 3.08, 2.9, 2.73, 2.44, 2.32, 2.2, 2.1, 1.99, 1.9, 1.82, 1.74, 1.67, 1.6, 1.53, 1.47, 1.41, 1.35, 1.3, 1.25, 1.2, 1.16, 1.11, 1.07, 1.03, 0.99, 0.95, 0.92, 0.88, 0.85, 0.82, 0.79, 0.76, 0.73, 0.7, 0.67, 0.65, 0.62, 0.6, 0.57, 0.55, 0.53, 0.5, 0.48, 0.46, 0.44, 0.42, 0.4, 0.38, 0.36, 0.34, 0.33, 0.31, 0.29, 0.28, 0.26, 0.24, 0.23, 0.21, 0.2, 0.18, 0.17, 0.15, 0.14, 0.13, 0.11, 0.1, 0.09, 0.07, 0.06, 0.05, 0.03, 0.02, 0.01, 0.0, 0.0], "file_indices": [0, 1, 2, 3, 4, 5, 6, 7, 8, 9, 10, 11, 12, 13, 14, 15, 16, 17, 18, 19, 20, 21, 22, 23, 24, 25, 26, 27, 28, 29, 30, 31, 32, 33, 34, 35, 36, 37, 38, 39, 40, 41, 42, 43, 44, 45, 46, 47, 48, 49, 50, 51, 52, 53, 54, 55, 56, 57, 58, 59, 60, 61, 62, 63, 64, 65, 66, 67, 68, 69, 70, 71, 72, 73, 74, 75, 76, 77, 78, 79, 80, 81, 82, 83, 84, 85, 86, 87, 88, 89, 90, 91, 92, 93, 94, 95, 96, 97, 98, 99, 100, 101, 102, 103, 104, 105, 106, 107, 108, 109, 110, 111, 112, 113, 114, 115, 116, 117, 118, 119, 120, 121, 122, 123, 124, 125, 126, 127], "Omega0": [0.301712, 0.301712, 0.301712, 0.301712, 0.301712, 0.301712, 0.301712, 0.301712, 0.301712, 0.301712, 0.301712, 0.301712, 0.301712, 0.301712, 0.301712, 0.301712, 0.301712, 0.301712, 0.301712, 0.301712, 0.301712, 0.301712, 0.301712, 0.301712, 0.301712, 0.301712, 0.301712, 0.301712, 0.301712, 0.301712, 0.301712, 0.301712, 0.301712, 0.301712, 0.301712, 0.301712, 0.301712, 0.301712, 0.301712, 0.301712, 0.301712, 0.301712, 0.301712, 0.301712, 0.301712, 0.301712, 0.301712, 0.301712, 0.301712, 0.301712, 0.301712, 0.301712, 0.301712, 0.301712, 0.301712, 0.301712, 0.301712, 0.301712, 0.301712, 0.301712, 0.301712, 0.301712, 0.301712, 0.301712, 0.301712, 0.301712, 0.301712, 0.301712, 0.301712, 0.301712, 0.301712, 0.301712, 0.301712, 0.301712, 0.301712, 0.301712, 0.301712, 0.301712, 0.301712, 0.301712, 0.301712, 0.301712, 0.301712, 0.301712, 0.301712, 0.301712, 0.301712, 0.301712, 0.301712, 0.301712, 0.301712, 0.301712, 0.301712, 0.301712, 0.301712, 0.301712, 0.301712, 0.301712, 0.301712, 0.301712, 0.301712, 0.301712, 0.301712, 0.301712, 0.301712, 0.301712, 0.301712, 0.301712, 0.301712, 0.301712, 0.301712, 0.301712, 0.301712, 0.301712, 0.301712, 0.301712, 0.301712, 0.301712, 0.301712, 0.301712, 0.301712, 0.301712, 0.301712, 0.301712, 0.301712, 0.301712, 0.301712, 0.301712], "OmegaB": [0.046022639674144314, 0.04602263967414427, 0.04602263967414433, 0.046022639674144265, 0.04602263967414429, 0.046022639674144314, 0.04602263967414432, 0.04602263967414433, 0.046022639674144286, 0.04602263967414427, 0.04602263967414432, 0.04602263967414434, 0.04602263967414429, 0.04602263967414432, 0.04602263967414427, 0.04602263967414429, 0.04602263967414432, 0.04602263967414426, 0.04602263967414433, 0.046022639674144314, 0.04602263967414432, 0.046022639674144314, 0.046022639674144286, 0.046022639674144314, 0.04602263967414428, 0.046022639674144286, 0.046022639674144265, 0.04602263967414428, 0.046022639674144314, 0.046022639674144314, 0.04602263967414427, 0.04602263967414427, 0.04602263967414429, 0.046022639674144314, 0.046022639674144265, 0.04602263946622582, 0.04602263946749094, 0.046022638734636516, 0.04602263870403274, 0.0460226384885261, 0.046022638036579695, 0.04602263526899877, 0.046022630348149206, 0.046022624712748615, 0.046022623477258974, 0.04602261700270302, 0.046022607940094724, 0.04602259305900878, 0.0460225828628303, 0.04602254656742184, 0.04602253563271251, 0.04602245993832605, 0.046022442317396724, 0.046022401969407545, 0.046022333902781445, 0.046022271749622666, 0.04602214254448733, 0.04602208009834934, 0.04602202981561831, 0.04602193401389582, 0.04602182862925438, 0.04602177079650298, 0.0460217204428673, 0.046021572813507355, 0.046021400624533686, 0.046021317687027885, 0.04602123214226347, 0.04602116239696057, 0.04602116763987507, 0.04602097524403732, 0.04602088160398485, 0.04602069324629891, 0.046020491747462706, 0.04602021225838952, 0.0460199230449234, 0.046019335442544426, 0.046019127857883424, 0.04601846096132696, 0.04601826775932115, 0.04601810775808571, 0.04601788033911594, 0.04601784264104986, 0.04601738483783365, 0.04601727875153841, 0.0460169124043678, 0.046016859111362086, 0.046016554205983044, 0.04601632409512992, 0.04601609573864128, 0.046016080232733035, 0.04601560164125142, 0.04601494461195533, 0.04601472140901166, 0.046014272712926, 0.04601389784395772, 0.04601388815743192, 0.04601385922608854, 0.04601350929434125, 0.04601337798070423, 0.04601332677429887, 0.04601287979601589, 0.046012074821793994, 0.046011552696190484, 0.04601135297587859, 0.046010720953416226, 0.04601033908227129, 0.04601000926455948, 0.04600988229322912, 0.046009624590474404, 0.04600940590721925, 0.046009044000712894, 0.04600873360696062, 0.046008243514459334, 0.046007777660826324, 0.04600751819560616, 0.04600705779874064, 0.04600702932766089, 0.04600695777127977, 0.046006641909684655, 0.04600642248408457, 0.046006365790518686, 0.04600625215755812, 0.0460062967918097, 0.04600630308744639, 0.04600605992505544, 0.04600605099169853, 0.0460057537972263, 0.04600565995064435], "OmegaStar": [2.0791848515228079e-10, 2.0665337178558909e-10, 9.39507786165104e-10, 9.70111571967359e-10, 1.1856181903668148e-09, 1.6375646226877453e-09, 4.405145527052745e-09, 9.325995094117141e-09, 1.4961395671199632e-08, 1.6196885340527473e-08, 2.2671441262461424e-08, 3.173404958420363e-08, 4.661513550376463e-08, 5.677953033647617e-08, 9.30749387974503e-08, 1.0398450332839065e-07, 1.796788897937079e-07, 1.972998191226772e-07, 2.3758774834854345e-07, 3.056543744637976e-07, 3.678075332007849e-07, 4.970126685366682e-07, 5.594222503690417e-07, 6.096222076133618e-07, 7.053437850224205e-07, 8.106608332812177e-07, 8.68423220666912e-07, 9.187768563326005e-07, 1.066406216319538e-06, 1.2385951899788729e-06, 1.3214882575262919e-06, 1.4070330219319307e-06, 1.4767783248088003e-06, 1.47145705019478e-06, 1.6637994208802363e-06, 1.7574394733131138e-06, 1.9457971593009064e-06, 2.147295995499903e-06, 2.426785068698463e-06, 2.7159985348302125e-06, 3.3036009137402037e-06, 3.511185574774085e-06, 4.178082131232399e-06, 4.371205890678255e-06, 4.531207126173241e-06, 4.758626095964157e-06, 4.796324162049529e-06, 5.254127378209357e-06, 5.360142702976356e-06, 5.726489873592947e-06, 5.779782879333758e-06, 6.084249463968284e-06, 6.314360317101919e-06, 6.54263174040447e-06, 6.558137648682286e-06, 7.0366621143561895e-06, 7.693691410420466e-06, 7.916894354070477e-06, 8.365590439711453e-06, 8.740459408036025e-06, 8.750145933804716e-06, 8.779077277190145e-06, 9.12900902450529e-06, 9.26032266151901e-06, 9.311529066892394e-06, 9.758507349852624e-06, 1.056348157176723e-05, 1.1085607175260943e-05, 1.1285327487166702e-05, 1.191734994952504e-05, 1.2299218766225792e-05, 1.2629029360104448e-05, 1.2755994981099426e-05, 1.3013693235438848e-05, 1.3232320804626361e-05, 1.3594227299105524e-05, 1.3904621023910649e-05, 1.4394712245343528e-05, 1.486056563475108e-05, 1.5120002989200324e-05, 1.5580398261110844e-05, 1.5608864532608416e-05, 1.568041891380591e-05, 1.599627808475151e-05, 1.6215703150661377e-05, 1.6272396713094097e-05, 1.63860282452147e-05, 1.6341390722649915e-05, 1.6335093963589217e-05, 1.657825635458135e-05, 1.6587189711462193e-05, 1.688438418367471e-05, 1.6978230765643623e-05]}