{"run name": "run_2cDM_710_HY_power00_sigma1", "DM type": "2cDM", "baryon_type": "HY", "powerLaws": [0, 0], "sigma0": 1.0, "otherInfo": [], "BoxSize": 100000, "NPart": 48, "Mass Resolution": [66084704.80384494], "Softening Length": 71.83908045977012, "redshifts": [46.54721920348852, 44.5622037875765, 42.45367379881284, 40.44272246832135, 38.52483404598187, 36.87473954609402, 35.12197041925631, 33.450316031392745, 31.856022550479437, 30.48433957173081, 29.027305700565993, 27.63770051714242, 26.312403553212587, 25.04843874971757, 23.960960799485814, 22.805816183578962, 21.704129409074024, 20.65342655126237, 19.749432874416154, 18.78918956244812, 17.873384439406017, 16.999960992518137, 16.24849327990495, 15.45026662890206, 14.688980351532482, 13.962924919302699, 13.270469917365952, 12.674702104803705, 12.041863543925086, 11.438311518216711, 10.862690703911504, 10.367443572408746, 9.841380439471834, 9.339662483009523, 8.861163055704282, 8.449476294368743, 8.012172948865935, 7.5951071498715965, 7.197342343177086, 6.81798531647716, 6.491597745667503, 6.144901203416368, 5.814249101415438, 5.498898934241171, 5.198142558173861, 4.939380663491011, 4.664517702470927, 4.402374863568138, 4.1523634843230806, 3.925577791189874, 3.697631651158252, 3.4908613692606485, 3.2830330579565246, 3.084822635834013, 2.8957850057274284, 2.7331426173187188, 2.4442257045541464, 2.3161107439568918, 2.2003343941932285, 2.095926226826756, 1.9949242864572514, 1.9040895435327672, 1.822689252620354, 1.7370783228960591, 1.6666695561144653, 1.5980719886683934, 1.5312390291576135, 1.4690483326692818, 1.4112402265443573, 1.354785588105559, 1.299652728461826, 1.2511376829444645, 1.201037299393231, 1.1571565189806767, 1.1116476708788934, 1.0695489986846227, 1.0306937131422726, 0.9902089721812193, 0.9528432765865742, 0.918450320949258, 0.8846630848858825, 0.8514709006246495, 0.8188632882717168, 0.7868299525023363, 0.7574413726158526, 0.7285361563681614, 0.7001063537185233, 0.6741261037109307, 0.6465912010918797, 0.6214287452425136, 0.5966508105687431, 0.5722515209933166, 0.5482250902345109, 0.5263728571851616, 0.5030475232448832, 0.4818329434209512, 0.4609177941806475, 0.4402978492477432, 0.41996894199726653, 0.3999269646135635, 0.38180375206467954, 0.36230045257092924, 0.3446643463443455, 0.3272565541011043, 0.30852315433938093, 0.29234845666676534, 0.27561793689007197, 0.25910400753104357, 0.24280386464756432, 0.22744152527254502, 0.21155127941248253, 0.1965752542696484, 0.1817843482653021, 0.16717627313569405, 0.15274876890238098, 0.13917412387986072, 0.12509275513287288, 0.11184378434205589, 0.09810024681941276, 0.08516913689169736, 0.07239030231811827, 0.05976194992054973, 0.04728230763713759, 0.03494962427363468, 0.02336811931833105, 0.01131704685408641, 2.220446049250313e-16, 2.220446049250313e-16], "file_indices": [0, 1, 2, 3, 4, 5, 6, 7, 8, 9, 10, 11, 12, 13, 14, 15, 16, 17, 18, 19, 20, 21, 22, 23, 24, 25, 26, 27, 28, 29, 30, 31, 32, 33, 34, 35, 36, 37, 38, 39, 40, 41, 42, 43, 44, 45, 46, 47, 48, 49, 50, 51, 52, 53, 54, 55, 56, 57, 58, 59, 60, 61, 62, 63, 64, 65, 66, 67, 68, 69, 70, 71, 72, 73, 74, 75, 76, 77, 78, 79, 80, 81, 82, 83, 84, 85, 86, 87, 88, 89, 90, 91, 92, 93, 94, 95, 96, 97, 98, 99, 100, 101, 102, 103, 104, 105, 106, 107, 108, 109, 110, 111, 112, 113, 114, 115, 116, 117, 118, 119, 120, 121, 122, 123, 124, 125, 126, 127], "Omega0": [0.301712, 0.301712, 0.301712, 0.301712, 0.301712, 0.301712, 0.301712, 0.301712, 0.301712, 0.301712, 0.301712, 0.301712, 0.301712, 0.301712, 0.301712, 0.301712, 0.301712, 0.301712, 0.301712, 0.301712, 0.301712, 0.301712, 0.301712, 0.301712, 0.301712, 0.301712, 0.301712, 0.301712, 0.301712, 0.301712, 0.301712, 0.301712, 0.301712, 0.301712, 0.301712, 0.301712, 0.301712, 0.301712, 0.301712, 0.301712, 0.301712, 0.301712, 0.301712, 0.301712, 0.301712, 0.301712, 0.301712, 0.301712, 0.301712, 0.301712, 0.301712, 0.301712, 0.301712, 0.301712, 0.301712, 0.301712, 0.301712, 0.301712, 0.301712, 0.301712, 0.301712, 0.301712, 0.301712, 0.301712, 0.301712, 0.301712, 0.301712, 0.301712, 0.301712, 0.301712, 0.301712, 0.301712, 0.301712, 0.301712, 0.301712, 0.301712, 0.301712, 0.301712, 0.301712, 0.301712, 0.301712, 0.301712, 0.301712, 0.301712, 0.301712, 0.301712, 0.301712, 0.301712, 0.301712, 0.301712, 0.301712, 0.301712, 0.301712, 0.301712, 0.301712, 0.301712, 0.301712, 0.301712, 0.301712, 0.301712, 0.301712, 0.301712, 0.301712, 0.301712, 0.301712, 0.301712, 0.301712, 0.301712, 0.301712, 0.301712, 0.301712, 0.301712, 0.301712, 0.301712, 0.301712, 0.301712, 0.301712, 0.301712, 0.301712, 0.301712, 0.301712, 0.301712, 0.301712, 0.301712, 0.301712, 0.301712, 0.301712, 0.301712], "OmegaB": [0.046022639674144314, 0.04602263967414427, 0.04602263967414433, 0.046022639674144265, 0.04602263967414429, 0.046022639674144314, 0.04602263967414432, 0.04602263967414433, 0.046022639674144286, 0.04602263967414427, 0.04602263967414432, 0.04602263967414434, 0.04602263967414429, 0.04602263967414432, 0.04602263967414427, 0.04602263967414429, 0.04602263967414432, 0.04602263967414426, 0.04602263967414433, 0.046022639674144314, 0.04602263967414432, 0.046022639674144314, 0.046022639674144286, 0.046022639674144314, 0.04602263967414428, 0.046022639674144286, 0.046022639674144265, 0.04602263967414428, 0.046022639674144314, 0.046022639674144314, 0.04602263967414427, 0.04602263967414427, 0.04602263967414429, 0.046022639674144314, 0.046022639674144265, 0.04602263946622582, 0.04602263946749094, 0.046022638734636516, 0.04602263870403274, 0.0460226384885261, 0.046022638036579695, 0.04602263526899877, 0.046022630348149206, 0.046022624712748615, 0.046022623477258974, 0.04602261700270302, 0.046022607940094724, 0.04602259305900878, 0.0460225828628303, 0.04602254656742184, 0.04602253563271251, 0.04602245993832605, 0.046022442317396724, 0.046022401969407545, 0.046022333902781445, 0.046022271749622666, 0.04602214254448733, 0.04602208009834934, 0.04602202981561831, 0.04602193401389582, 0.04602182862925438, 0.04602177079650298, 0.0460217204428673, 0.046021572813507355, 0.046021400624533686, 0.046021317687027885, 0.04602123214226347, 0.04602116239696057, 0.04602116763987507, 0.04602097524403732, 0.04602088160398485, 0.04602069324629891, 0.046020491747462706, 0.04602021225838952, 0.0460199230449234, 0.046019335442544426, 0.046019127857883424, 0.04601846096132696, 0.04601826775932115, 0.04601810775808571, 0.04601788033911594, 0.04601784264104986, 0.04601738483783365, 0.04601727875153841, 0.0460169124043678, 0.046016859111362086, 0.046016554205983044, 0.04601632409512992, 0.04601609573864128, 0.046016080232733035, 0.04601560164125142, 0.04601494461195533, 0.04601472140901166, 0.046014272712926, 0.04601389784395772, 0.04601388815743192, 0.04601385922608854, 0.04601350929434125, 0.04601337798070423, 0.04601332677429887, 0.04601287979601589, 0.046012074821793994, 0.046011552696190484, 0.04601135297587859, 0.046010720953416226, 0.04601033908227129, 0.04601000926455948, 0.04600988229322912, 0.046009624590474404, 0.04600940590721925, 0.046009044000712894, 0.04600873360696062, 0.046008243514459334, 0.046007777660826324, 0.04600751819560616, 0.04600705779874064, 0.04600702932766089, 0.04600695777127977, 0.046006641909684655, 0.04600642248408457, 0.046006365790518686, 0.04600625215755812, 0.0460062967918097, 0.04600630308744639, 0.04600605992505544, 0.04600605099169853, 0.0460057537972263, 0.04600565995064435],