{"run name": "run_CDM_L3N256_HY_dir_4", "DM type": "CDM", "baryon_type": "HY", "otherInfo": ["dir", "4"], "BoxSize": 3000, "NPart": 256, "Mass Resolution": [117344.06239201137], "Softening Length": 0.4040948275862069, "redshifts": [5.24, 4.0, 3.0, 2.03], "file_indices": [2, 3, 4, 5], "Omega0": [0.301712, 0.301712, 0.301712, 0.301712], "OmegaB": [0.04723894266901199, 0.0471639079518506, 0.047051818993621874, 0.04675701211458752], "OmegaStar": [5.308675457226428e-05, 0.00012801307635053232, 0.00024008537026378108, 0.0005346016091578783]}