{"run name": "run_CDM_L3N256_HY_dir_4", "DM type": "CDM", "baryon_type": "HY", "otherInfo": ["dir", "4"], "BoxSize": 3000, "NPart": 256, "Mass Resolution": [117344.06239201137, 21123.087754725388], "Softening Length": 0.4040948275862069, "redshifts": [99.0, 8.96, 5.24, 4.0, 3.0, 2.03, 1.0, 0.0], "file_indices": [0, 1, 2, 3, 4, 5, 6, 7], "Omega0": [0.301712, 0.301712, 0.301712, 0.301712, 0.301712, 0.301712, 0.301712, 0.301712], "OmegaB": [0.04729202942358353, 0.047279723921438414, 0.04723894266901199, 0.0471639079518506, 0.047051818993621874, 0.04675701211458752, 0.04521710296436006, 0.043967165370570806], "OmegaStar": [1.2305502145855465e-05, 5.308675457226428e-05, 0.00012801307635053232, 0.00024008537026378108, 0.0005346016091578783, 0.0020719022136391433, 0.0033145529492538866]}