{"run name": "run_2cDM_L3N128_HY_power00_sigma0.1_var4", "DM type": "2cDM", "baryon_type": "HY", "powerLaws": [0, 0], "sigma0": 0.1, "otherInfo": ["var4"], "BoxSize": 3000, "NPart": 128, "Mass Resolution": [938752.499136091, 168984.7020378031], "Softening Length": 0.8081896551724138, "redshifts": [99.0, 8.955128609158502, 5.236226422509304, 3.9916277163626868, 2.995420558949888, 2.0300187258611033, 0.9988548118735108, 4.440892098500626e-16], "file_indices": [0, 1, 2, 3, 4, 5, 6, 7], "Omega0": [0.301712, 0.301712, 0.301712, 0.301712, 0.301712, 0.301712, 0.301712, 0.301712], "OmegaB": [0.0472920294235843, 0.04727930509725856, 0.047238329210175754, 0.047189531502646834, 0.04712306618550201, 0.04701769520565483, 0.04654461400360796, 0.0454140778544688], "OmegaStar": [1.2724326325703752e-05, 5.3700213408567094e-05, 0.00010238669975906048, 0.00016881863481935103, 0.00027400211038390793, 0.000746433723992335, 0.001874872328241572]}