{"run name": "run_2cDM_L3N256_HY_power00_sigma1_dir_9", "DM type": "2cDM", "baryon_type": "HY", "powerLaws": [0, 0], "sigma0": 1.0, "otherInfo": ["dir", "9"], "BoxSize": 3000, "NPart": 256, "Mass Resolution": [117344.06239201137], "Softening Length": 0.4040948275862069, "redshifts": [5.24, 3.99, 3.0, 2.03], "file_indices": [2, 3, 4, 5], "Omega0": [0.301712, 0.301712, 0.301712, 0.301712], "OmegaB": [0.04724172697404112, 0.04719040033201918, 0.04705803209644747, 0.04651916214316337], "OmegaStar": [5.030244954316307e-05, 0.00010152208216523194, 0.00023388572850937064, 0.0007725181345086381]}