{"run name": "run_2cDM_L3N256_HY_power00_sigma1_dir_9", "DM type": "2cDM", "baryon_type": "HY", "powerLaws": [0, 0], "sigma0": 1.0, "otherInfo": ["dir", "9"], "BoxSize": 3000, "NPart": 256, "Mass Resolution": [117344.06239201137, 21123.087754725388], "Softening Length": 0.4040948275862069, "redshifts": [99.0, 8.955128609158502, 5.236226422509304, 3.9916277163626868, 2.9999151729465807, 2.0300187258611033, 0.9988548118735108, 4.440892098500626e-16], "file_indices": [0, 1, 2, 3, 4, 5, 6, 7], "Omega0": [0.301712, 0.301712, 0.301712, 0.301712, 0.301712, 0.301712, 0.301712, 0.301712], "OmegaB": [0.04729202942358353, 0.0472798731647926, 0.04724172697404112, 0.04719040033201918, 0.04705803209644747, 0.04651916214316337, 0.04538906316879413, 0.04330514778337242], "OmegaStar": [1.215625879168362e-05, 5.030244954316307e-05, 0.00010152208216523194, 0.00023388572850937064, 0.0007725181345086381, 0.001901854062779032, 0.0039841002087169265]}