{"run name": "run_2cDM_L3N256_HY_powerm2m2_sigma1", "DM type": "2cDM", "baryon_type": "HY", "powerLaws": [-2, -2], "sigma0": 1.0, "otherInfo": [], "BoxSize": 3000, "NPart": 256, "Mass Resolution": [117344.06239201137], "Softening Length": 0.4040948275862069, "redshifts": [5.24, 3.99, 3.0, 2.03], "file_indices": [2, 3, 4, 5], "Omega0": [0.301712, 0.301712, 0.301712, 0.301712], "OmegaB": [0.0472578220066246, 0.04722182633894266, 0.04714834450160965, 0.046936927412232765], "OmegaStar": [3.420741695968565e-05, 7.009607258564193e-05, 0.00014357226885276445, 0.00035472665294796]}