{"run name": "run_CDM_L3N256_HY_dir_9", "DM type": "CDM", "baryon_type": "HY", "otherInfo": ["dir", "9"], "BoxSize": 3000, "NPart": 256, "Mass Resolution": [117344.06239201137, 21123.087754725388], "Softening Length": 0.4040948275862069, "redshifts": [99.0, 8.955128609158502, 5.236226422509304, 3.9916277163626868, 2.9999151729465807, 2.0300187258611033, 0.9988548118735108, 4.440892098500626e-16], "file_indices": [0, 1, 2, 3, 4, 5, 6, 7], "Omega0": [0.301712, 0.301712, 0.301712, 0.301712, 0.301712, 0.301712, 0.301712, 0.301712], "OmegaB": [0.04729202942358353, 0.04727882350201717, 0.04723826458665093, 0.04717751286516237, 0.047043752458925135, 0.046529200604929405, 0.045273397990890765, 0.04289809785514444], "OmegaStar": [1.3205921567137899e-05, 5.3764836933298966e-05, 0.00011440964787680212, 0.00024816128449095233, 0.0007623389461443063, 0.0020169884724492524, 0.004390904590589395]}