{"run name": "run_CDM_L3N256_HY_dir_9", "DM type": "CDM", "baryon_type": "HY", "otherInfo": ["dir", "9"], "BoxSize": 3000, "NPart": 256, "Mass Resolution": [117344.06239201137], "Softening Length": 0.4040948275862069, "redshifts": [5.24, 3.99, 3.0, 2.03], "file_indices": [2, 3, 4, 5], "Omega0": [0.301712, 0.301712, 0.301712, 0.301712], "OmegaB": [0.04723826458665093, 0.04717751286516237, 0.047043752458925135, 0.046529200604929405], "OmegaStar": [5.3764836933298966e-05, 0.00011440964787680212, 0.00024816128449095233, 0.0007623389461443063]}