{"run name": "run_2cDM_L3N128_HY_power00_sigma0.1_var3", "DM type": "2cDM", "baryon_type": "HY", "powerLaws": [0, 0], "sigma0": 0.1, "otherInfo": ["var3"], "BoxSize": 3000, "NPart": 128, "Mass Resolution": [938752.499136091, 168984.7020378031], "Softening Length": 0.8081896551724138, "redshifts": [99.0, 8.955128609158502, 5.236226422509304, 3.9804160612484125, 2.995420558949888, 2.0300187258611033, 0.9988548118735108, 4.440892098500626e-16], "file_indices": [0, 1, 2, 3, 4, 5, 6, 7], "Omega0": [0.301712, 0.301712, 0.301712, 0.301712, 0.301712, 0.301712, 0.301712, 0.301712], "OmegaB": [0.0472920294235843, 0.04728368718876489, 0.047261376228316186, 0.047227326551130495, 0.047176168852465075, 0.04704943958648407, 0.04645703177271938, 0.045252201020568546], "OmegaStar": [8.342234819367312e-06, 3.065319526811406e-05, 6.470287245382382e-05, 0.00011574870114128228, 0.00024232819672831435, 0.0008340854075515606, 0.0020371975477075873]}