{"run name": "run_2cDM_710_HY_power00_sigma1_dir_0_Vkick20.00", "DM type": "2cDM", "baryon_type": "HY", "powerLaws": [0, 0], "sigma0": 1.0, "otherInfo": ["dir", "0", "Vkick20.00"], "Vkick": 20.0, "BoxSize": 100000, "NPart": 48, "Mass Resolution": [66084704.80384494], "Softening Length": 71.83908045977012, "redshifts": [46.54721920348852, 44.5622037875765, 42.45367379881284, 40.44272246832135, 38.52483404598187, 36.87473954609402, 35.12197041925631, 33.450316031392745, 31.856022550479437, 30.48433957173081, 29.027305700565993, 27.63770051714242, 26.312403553212587, 25.04843874971757, 23.960960799485814, 22.805816183578962, 21.704129409074024, 20.65342655126237, 19.749432874416154, 18.78918956244812, 17.873384439406017, 16.999960992518137, 16.24849327990495, 15.45026662890206, 14.688980351532482, 13.962924919302699, 13.270469917365952, 12.674702104803705, 12.041863543925086, 11.438311518216711, 10.862690703911504, 10.367443572408746, 9.841380439471834, 9.339662483009523, 8.861163055704282, 8.449476294368743, 8.012172948865935, 7.5951071498715965, 7.197342343177086, 6.81798531647716, 6.491597745667503, 6.144901203416368, 5.814249101415438, 5.498898934241171, 5.198142558173861, 4.939380663491011, 4.664517702470927, 4.402374863568138, 4.1523634843230806, 3.925577791189874, 3.697631651158252, 3.4908613692606485, 3.2830330579565246, 3.084822635834013, 2.8957850057274284, 2.7331426173187188, 2.5772902716018935, 2.4442257045541464, 2.3161107439568918, 2.2003343941932285, 2.095926226826756, 1.9949242864572514, 1.9040895435327672, 1.822689252620354, 1.7370783228960591, 1.6666695561144653, 1.5980719886683934, 1.5312390291576135, 1.4690483326692818, 1.4112402265443573, 1.354785588105559, 1.299652728461826, 1.2511376829444645, 1.201037299393231, 1.1571565189806767, 1.1116476708788934, 1.0695489986846227, 1.0306937131422726, 0.9902089721812193, 0.9528432765865742, 0.918450320949258, 0.8846630848858825, 0.8514709006246495, 0.8188632882717168, 0.7868299525023363, 0.7574413726158526, 0.7285361563681614, 0.7001063537185233, 0.6741261037109307, 0.6465912010918797, 0.6214287452425136, 0.5966508105687431, 0.5722515209933166, 0.5482250902345109, 0.5263728571851616, 0.5030475232448832, 0.4818329434209512, 0.4609177941806475, 0.4402978492477432, 0.41996894199726653, 0.3999269646135635, 0.38180375206467954, 0.36230045257092924, 0.3446643463443455, 0.3272565541011043, 0.30929840757867866, 0.29234845666676534, 0.27561793689007197, 0.25910400753104357, 0.24280386464756432, 0.22744152527254502, 0.21155127941248253, 0.1965752542696484, 0.1817843482653021, 0.16717627313569405, 0.15274876890238098, 0.13917412387986072, 0.12509275513287288, 0.11184378434205589, 0.09810024681941276, 0.08516913689169736, 0.07239030231811827, 0.05976194992054973, 0.04728230763713759, 0.03494962427363468, 0.02336811931833105, 0.01131704685408641, 2.220446049250313e-16], "file_indices": [0, 1, 2, 3, 4, 5, 6, 7, 8, 9, 10, 11, 12, 13, 14, 15, 16, 17, 18, 19, 20, 21, 22, 23, 24, 25, 26, 27, 28, 29, 30, 31, 32, 33, 34, 35, 36, 37, 38, 39, 40, 41, 42, 43, 44, 45, 46, 47, 48, 49, 50, 51, 52, 53, 54, 55, 56, 57, 58, 59, 60, 61, 62, 63, 64, 65, 66, 67, 68, 69, 70, 71, 72, 73, 74, 75, 76, 77, 78, 79, 80, 81, 82, 83, 84, 85, 86, 87, 88, 89, 90, 91, 92, 93, 94, 95, 96, 97, 98, 99, 100, 101, 102, 103, 104, 105, 106, 107, 108, 109, 110, 111, 112, 113, 114, 115, 116, 117, 118, 119, 120, 121, 122, 123, 124, 125, 126, 127], "Omega0": [0.301712, 0.301712, 0.301712, 0.301712, 0.301712, 0.301712, 0.301712, 0.301712, 0.301712, 0.301712, 0.301712, 0.301712, 0.301712, 0.301712, 0.301712, 0.301712, 0.301712, 0.301712, 0.301712, 0.301712, 0.301712, 0.301712, 0.301712, 0.301712, 0.301712, 0.301712, 0.301712, 0.301712, 0.301712, 0.301712, 0.301712, 0.301712, 0.301712, 0.301712, 0.301712, 0.301712, 0.301712, 0.301712, 0.301712, 0.301712, 0.301712, 0.301712, 0.301712, 0.301712, 0.301712, 0.301712, 0.301712, 0.301712, 0.301712, 0.301712, 0.301712, 0.301712, 0.301712, 0.301712, 0.301712, 0.301712, 0.301712, 0.301712, 0.301712, 0.301712, 0.301712, 0.301712, 0.301712, 0.301712, 0.301712, 0.301712, 0.301712, 0.301712, 0.301712, 0.301712, 0.301712, 0.301712, 0.301712, 0.301712, 0.301712, 0.301712, 0.301712, 0.301712, 0.301712, 0.301712, 0.301712, 0.301712, 0.301712, 0.301712, 0.301712, 0.301712, 0.301712, 0.301712, 0.301712, 0.301712, 0.301712, 0.301712, 0.301712, 0.301712, 0.301712, 0.301712, 0.301712, 0.301712, 0.301712, 0.301712, 0.301712, 0.301712, 0.301712, 0.301712, 0.301712, 0.301712, 0.301712, 0.301712, 0.301712, 0.301712, 0.301712, 0.301712, 0.301712, 0.301712, 0.301712, 0.301712, 0.301712, 0.301712, 0.301712, 0.301712, 0.301712, 0.301712, 0.301712, 0.301712, 0.301712, 0.301712, 0.301712, 0.301712], "OmegaB": [0.046022639674144286, 0.04602263967414428, 0.04602263967414432, 0.046022639674144286, 0.046022639674144286, 0.04602263967414429, 0.046022639674144314, 0.04602263967414433, 0.04602263967414429, 0.04602263967414428, 0.04602263967414433, 0.04602263967414429, 0.046022639674144286, 0.046022639674144314, 0.04602263967414428, 0.046022639674144265, 0.04602263967414432, 0.04602263967414429, 0.046022639674144286, 0.046022639674144286, 0.04602263967414431, 0.04602263967414429, 0.04602263967414429, 0.046022639674144335, 0.046022639674144314, 0.046022639674144286, 0.04602263967414429, 0.04602263967414428, 0.04602263967414433, 0.04602263967414431, 0.04602263967414431, 0.04602263967414427, 0.046022639674144286, 0.04602263967414428, 0.046022639674144335, 0.04602263951278535, 0.046022639518262534, 0.046022639275137514, 0.04602263886839449, 0.04602263792126197, 0.04602263588985183, 0.04602263280626941, 0.046022629669011154, 0.04602262731286967, 0.04602262148338628, 0.046022619109528956, 0.04602260968372896, 0.04602260406403791, 0.04602259258748038, 0.04602257963200028, 0.04602249824938437, 0.04602249697847099, 0.04602240842975573, 0.04602238061050892, 0.046022333626881205, 0.04602228992564884, 0.046022254389356976, 0.046022212759240885, 0.04602210326871594, 0.046022028595978925, 0.046021965328999694, 0.046021905697498075, 0.04602181867818218, 0.04602173755098031, 0.046021619361586615, 0.046021514414117476, 0.04602140945248839, 0.046021240635774056, 0.04602107666931794, 0.0460210273280398, 0.04602091638501857, 0.04602086739317859, 0.046020811462211944, 0.046020756780796236, 0.04602051888597532, 0.04602022827337015, 0.04601988531533269, 0.04601936967616442, 0.04601867386337948, 0.04601819951497981, 0.046017845109351384, 0.04601731999341559, 0.04601680766350217, 0.046016369995889254, 0.04601557265773584, 0.04601488265050391, 0.04601431880052991, 0.046013822334914266, 0.046013369172824184, 0.04601306381110364, 0.046012380506918645, 0.046011759596477846, 0.046011459238541434, 0.046010972785323394, 0.046010255320161036, 0.0460101135546834, 0.046009914864082145, 0.046009827791592954, 0.046009806620982266, 0.046009559095198924, 0.04600903846295229, 0.04600879544205674, 0.046008568809486956, 0.0460085642485157, 0.04600831227454401, 0.04600767637348496, 0.04600760241177777, 0.046007637631841215, 0.04600750851181519, 0.04600722671771756, 0.0460072902319147, 0.04600696982899612, 0.046006687943971177, 0.046006259074973056, 0.046005993691114126, 0.04600571523311717, 0.04600569966646802, 0.0460054061293528, 0.04600506451879296, 0.0460047843773085, 0.04600460627720989, 0.046004478600418904, 0.046004003787037825, 0.04600371413099503, 0.04600351298793112, 0.046003341697335755, 0.0460028113218358, 0.04600265644718003],