{"run name": "run_CDM_L3N128_DM", "DM type": "CDM", "baryon_type": "DM", "otherInfo": [], "BoxSize": 3000, "NPart": 128, "Mass Resolution": [1107737.201173894], "Softening Length": 0.8081896551724138, "redshifts": [99.0, 8.955128609158502, 5.236226422509304, 3.9804160612484125, 2.995420558949888, 2.0300187258611033, 0.9988548118735108, 4.440892098500626e-16], "file_indices": [0, 1, 2, 3, 4, 5, 6, 7], "Omega0": [0.301712, 0.301712, 0.301712, 0.301712, 0.301712, 0.301712, 0.301712, 0.301712]}