{"run name": "run_CDM_L3N128_DM", "DM type": "CDM", "baryon_type": "DM", "otherInfo": [], "BoxSize": 3000, "NPart": 128, "Mass Resolution": [1107737.201173894], "Softening Length": 0.8081896551724138, "redshifts": [99.0, 8.96, 5.24, 3.98, 3.0, 2.03, 1.0, 0.0], "file_indices": [0, 1, 2, 3, 4, 5, 6, 7], "Omega0": [0.301712, 0.301712, 0.301712, 0.301712, 0.301712, 0.301712, 0.301712, 0.301712]}