{"run name": "run_2cDM_L3N256_HY_power00_sigma1_dir_4", "DM type": "2cDM", "baryon_type": "HY", "powerLaws": [0, 0], "sigma0": 1.0, "otherInfo": ["dir", "4"], "BoxSize": 3000, "NPart": 256, "Mass Resolution": [117344.06239201137], "Softening Length": 0.4040948275862069, "redshifts": [5.24, 4.0, 3.0, 2.03], "file_indices": [2, 3, 4, 5], "Omega0": [0.301712, 0.301712, 0.301712, 0.301712], "OmegaB": [0.04724247224830095, 0.04716922417138289, 0.047056902730701324, 0.04675695369328497], "OmegaStar": [4.9557175283293624e-05, 0.0001226967980985322, 0.00023490026167344907, 0.0005347472502586712]}