{"run name": "run_2cDM_L3N256_HY_power00_sigma1", "DM type": "2cDM", "baryon_type": "HY", "powerLaws": [0, 0], "sigma0": 1.0, "otherInfo": [], "BoxSize": 3000, "NPart": 256, "Mass Resolution": [117344.06239201137, 21123.087754725388], "Softening Length": 0.4040948275862069, "redshifts": [99.0, 8.955128609158502, 5.236226422509304, 3.9916277163626868, 2.9999151729465807, 2.0300187258611033, 0.9988548118735108, 4.440892098500626e-16], "file_indices": [0, 1, 2, 3, 4, 5, 6, 7], "Omega0": [0.301712, 0.301712, 0.301712, 0.301712, 0.301712, 0.301712, 0.301712, 0.301712], "OmegaB": [0.04729202942358353, 0.047279106052767604, 0.047243284903635836, 0.0471992251649197, 0.04706262314935757, 0.04686625924599933, 0.04614057662108329, 0.04467750592064676], "OmegaStar": [1.292337081672632e-05, 4.874451994846675e-05, 9.269731114522497e-05, 0.0002292901878287653, 0.0004253297480993297, 0.0011502663039890477, 0.0026104339596200936]}