{"run name": "run_2cDM_L3N256_HY_power22_sigma1", "DM type": "2cDM", "baryon_type": "HY", "powerLaws": [2, 2], "sigma0": 1.0, "otherInfo": [], "BoxSize": 3000, "NPart": 256, "Mass Resolution": [114206.8121045759], "Softening Length": 0.4040948275862069, "redshifts": [8.96, 3.99, 3.0, 2.03, 1.0]}