{"run name": "run_2cDM_L3N256_HY_power22_sigma1", "DM type": "2cDM", "baryon_type": "HY", "powerLaws": [2, 2], "sigma0": 1.0, "otherInfo": [], "BoxSize": 3000, "NPart": 256, "Mass Resolution": [114206.8121045759], "Softening Length": 0.4040948275862069, "redshifts": [8.955128609158502, 3.9916277163626868, 2.995420558949888, 2.0300187258611033, 0.9988548118735108], "file_indices": [0, 1, 2, 3, 4], "Omega0": [0.301712, 0.301712, 0.301712, 0.301712, 0.301712], "OmegaB": [0.046016886491418114, 0.04595123441829677, 0.0458864227804857, 0.045716550583167884, 0.04506654058838503], "OmegaStar": [1.0767642286574841e-05, 7.641971540790841e-05, 0.00014112007326509658, 0.00031085879470550573, 0.0009604294600589263]}