{"run name": "run_2cDM_L3N256_HY_powerm2m2_sigma1_dir_3", "DM type": "2cDM", "baryon_type": "HY", "powerLaws": [-2, -2], "sigma0": 1.0, "otherInfo": ["dir", "3"], "BoxSize": 3000, "NPart": 256, "Mass Resolution": [117344.06239201137], "Softening Length": 0.4040948275862069, "redshifts": [5.24, 3.99, 3.0, 2.03], "file_indices": [2, 3, 4, 5], "Omega0": [0.301712, 0.301712, 0.301712, 0.301712], "OmegaB": [0.04726853589369362, 0.04725140214143906, 0.04722169155789251, 0.0471520011409944], "OmegaStar": [2.3493529890716117e-05, 4.062728214518967e-05, 7.033786569177461e-05, 0.0001399108719693711]}