{"run name": "run_2cDM_L3N256_HY_powerm2m2_sigma1_dir_3", "DM type": "2cDM", "baryon_type": "HY", "powerLaws": [-2, -2], "sigma0": 1.0, "otherInfo": ["dir", "3"], "BoxSize": 3000, "NPart": 256, "Mass Resolution": [117344.06239201137, 21123.087754725388], "Softening Length": 0.4040948275862069, "redshifts": [99.0, 8.955128609158502, 5.236226422509304, 3.9916277163626868, 2.9999151729465807, 2.0300187258611033, 0.9988548118735108, 4.440892098500626e-16], "file_indices": [0, 1, 2, 3, 4, 5, 6, 7], "Omega0": [0.301712, 0.301712, 0.301712, 0.301712, 0.301712, 0.301712, 0.301712, 0.301712], "OmegaB": [0.04729202942358353, 0.04728797051487556, 0.04726853589369362, 0.04725140214143906, 0.04722169155789251, 0.0471520011409944, 0.04685335158019935, 0.046022118565523545], "OmegaStar": [4.058908708662898e-06, 2.3493529890716117e-05, 4.062728214518967e-05, 7.033786569177461e-05, 0.0001399108719693711, 0.0004383201393677413, 0.0012681066249415256]}