{"run name": "run_CDM_L3N256_HY_dir_3", "DM type": "CDM", "baryon_type": "HY", "otherInfo": ["dir", "3"], "BoxSize": 3000, "NPart": 256, "Mass Resolution": [117344.06239201137, 21123.087754725388], "Softening Length": 0.4040948275862069, "redshifts": [99.0, 8.98, 5.24, 4.0, 3.0, 2.03, 1.0, 0.0], "file_indices": [0, 1, 2, 3, 4, 5, 6, 7], "Omega0": [0.301712, 0.301712, 0.301712, 0.301712, 0.301712, 0.301712, 0.301712, 0.301712], "OmegaB": [0.04729202942358353, 0.04728171055831923, 0.047254150984239365, 0.04722801192976471, 0.04719044009071879, 0.04709045453518351, 0.046743213536075655, 0.04560761267573453], "OmegaStar": [1.0318865265065611e-05, 3.7878439344973216e-05, 6.401749381957838e-05, 0.0001014803403910272, 0.00020143213591190045, 0.0005483835086119811, 0.0016824209761403801]}