{"run name": "run_CDM_L3N256_HY_dir_3", "DM type": "CDM", "baryon_type": "HY", "otherInfo": ["dir", "3"], "BoxSize": 3000, "NPart": 256, "Mass Resolution": [117344.06239201137], "Softening Length": 0.4040948275862069, "redshifts": [5.24, 4.0, 3.0, 2.03], "file_indices": [2, 3, 4, 5], "Omega0": [0.301712, 0.301712, 0.301712, 0.301712], "OmegaB": [0.047254150984239365, 0.04722801192976471, 0.04719044009071879, 0.04709045453518351], "OmegaStar": [3.7878439344973216e-05, 6.401749381957838e-05, 0.0001014803403910272, 0.00020143213591190045]}