{"run name": "run_2cDM_L3N256_HY_power00_sigma0.1", "DM type": "2cDM", "baryon_type": "HY", "powerLaws": [0, 0], "sigma0": 0.1, "otherInfo": [], "BoxSize": 3000, "NPart": 256, "Mass Resolution": [117344.06239201137, 21123.087754725388], "Softening Length": 0.4040948275862069, "redshifts": [99.0, 8.955128609158502, 5.236226422509304, 3.9916277163626868, 2.9999151729465807, 2.0300187258611033, 0.9988548118735108, 4.440892098500626e-16], "file_indices": [0, 1, 2, 3, 4, 5, 6, 7], "Omega0": [0.301712, 0.301712, 0.301712, 0.301712, 0.301712, 0.301712, 0.301712, 0.301712], "OmegaB": [0.04729202942358353, 0.04727836243029387, 0.04723966510751199, 0.04719409643961718, 0.047092568228662195, 0.04688262491790795, 0.046182852300511903, 0.04478279525314695], "OmegaStar": [1.366699329036394e-05, 5.236431607215634e-05, 9.782354242247899e-05, 0.00019933969500310225, 0.00040896273354818364, 0.001107928273375726, 0.0025054413008958956]}