{"run name": "run_2cDM_L3N256_HY_power00_sigma1_dir_7", "DM type": "2cDM", "baryon_type": "HY", "powerLaws": [0, 0], "sigma0": 1.0, "otherInfo": ["dir", "7"], "BoxSize": 3000, "NPart": 256, "Mass Resolution": [117344.06239201137, 21123.087754725388], "Softening Length": 0.4040948275862069, "redshifts": [99.0, 8.955128609158502, 5.236226422509304, 3.9916277163626868, 2.9999151729465807, 2.0300187258611033, 0.999978793124213, 4.440892098500626e-16], "file_indices": [0, 1, 2, 3, 4, 5, 6, 7], "Omega0": [0.301712, 0.301712, 0.301712, 0.301712, 0.301712, 0.301712, 0.301712, 0.301712], "OmegaB": [0.04729202942358353, 0.04728233927522312, 0.047261750614950276, 0.0472324615675224, 0.04717209683503529, 0.04698930908736916, 0.04636047327361283, 0.04500787875119538], "OmegaStar": [9.690148361240328e-06, 3.0278808634020343e-05, 5.9567856061952677e-05, 0.0001198244581811324, 0.0003024794691893638, 0.0009306172212287196, 0.0022806326753135623]}