{"run name": "run_2cDM_L3N256_HY_power00_sigma1_dir_7", "DM type": "2cDM", "baryon_type": "HY", "powerLaws": [0, 0], "sigma0": 1.0, "otherInfo": ["dir", "7"], "BoxSize": 3000, "NPart": 256, "Mass Resolution": [117344.06239201137, 21123.087754725388], "Softening Length": 0.4040948275862069, "redshifts": [99.0, 8.96, 5.24, 3.99, 3.0, 2.03, 1.0, 0.0], "file_indices": [0, 1, 2, 3, 4, 5, 6, 7], "Omega0": [0.301712, 0.301712, 0.301712, 0.301712, 0.301712, 0.301712, 0.301712, 0.301712], "OmegaB": [0.04729202942358353, 0.04728233927522312, 0.047261750614950276, 0.0472324615675224, 0.04717209683503529, 0.04698930908736916, 0.04636047327361283, 0.04500787875119538], "OmegaStar": [9.690148361240328e-06, 3.0278808634020343e-05, 5.9567856061952677e-05, 0.0001198244581811324, 0.0003024794691893638, 0.0009306172212287196, 0.0022806326753135623]}