{"run name": "run_2cDM_L3N256_HY_power00_sigma1_dir_7", "DM type": "2cDM", "baryon_type": "HY", "powerLaws": [0, 0], "sigma0": 1.0, "otherInfo": ["dir", "7"], "BoxSize": 3000, "NPart": 256, "Mass Resolution": [117344.06239201137], "Softening Length": 0.4040948275862069, "redshifts": [5.24, 3.99, 3.0, 2.03], "file_indices": [2, 3, 4, 5], "Omega0": [0.301712, 0.301712, 0.301712, 0.301712], "OmegaB": [0.047261750614950276, 0.0472324615675224, 0.04717209683503529, 0.04698930908736916], "OmegaStar": [3.0278808634020343e-05, 5.9567856061952677e-05, 0.0001198244581811324, 0.0003024794691893638]}