{"run name": "run_2cDM_L3N256_HY_powerm2m2_sigma1_dir_5", "DM type": "2cDM", "baryon_type": "HY", "powerLaws": [-2, -2], "sigma0": 1.0, "otherInfo": ["dir", "5"], "BoxSize": 3000, "NPart": 256, "Mass Resolution": [117344.06239201137], "Softening Length": 0.4040948275862069, "redshifts": [5.24, 3.99, 3.0, 2.03], "file_indices": [2, 3, 4, 5], "Omega0": [0.301712, 0.301712, 0.301712, 0.301712], "OmegaB": [0.04726224960183704, 0.047233309587439425, 0.04715406557557469, 0.04693888448884182], "OmegaStar": [2.9779821747227587e-05, 5.8719836144920695e-05, 0.00013785570511296762, 0.0003529026350821638]}