{"run name": "run_2cDM_L3N256_HY_powerm2m2_sigma1_dir_5", "DM type": "2cDM", "baryon_type": "HY", "powerLaws": [-2, -2], "sigma0": 1.0, "otherInfo": ["dir", "5"], "BoxSize": 3000, "NPart": 256, "Mass Resolution": [117344.06239201137, 21123.087754725388], "Softening Length": 0.4040948275862069, "redshifts": [99.0, 8.955128609158502, 5.236226422509304, 3.9916277163626868, 2.9999151729465807, 2.0300187258611033, 0.9988548118735108, 4.440892098500626e-16], "file_indices": [0, 1, 2, 3, 4, 5, 6, 7], "Omega0": [0.301712, 0.301712, 0.301712, 0.301712, 0.301712, 0.301712, 0.301712, 0.301712], "OmegaB": [0.04729202942358353, 0.047287664649609484, 0.04726224960183704, 0.047233309587439425, 0.04715406557557469, 0.04693888448884182, 0.04625753959224094, 0.04522537544329055], "OmegaStar": [4.3647739747399535e-06, 2.9779821747227587e-05, 5.8719836144920695e-05, 0.00013785570511296762, 0.0003529026350821638, 0.00103386251468093, 0.0020647827098939802]}