{"run name": "run_2cDM_L3N256_HY_powerm2m2_sigma10", "DM type": "2cDM", "baryon_type": "HY", "powerLaws": [-2, -2], "sigma0": 10.0, "otherInfo": [], "BoxSize": 3000, "NPart": 256, "Mass Resolution": [117344.06239201137, 21123.087754725388], "Softening Length": 0.4040948275862069, "redshifts": [99.0, 8.955128609158502, 5.236226422509304, 3.9916277163626868, 2.995420558949888, 2.0300187258611033, 0.9988548118735108, 4.440892098500626e-16], "file_indices": [0, 1, 2, 3, 4, 5, 6, 7], "Omega0": [0.301712, 0.301712, 0.301712, 0.301712, 0.301712, 0.301712, 0.301712, 0.301712], "OmegaB": [0.04729202942358353, 0.047288633768859535, 0.04726742716984492, 0.04723647582066976, 0.047177745430187164, 0.04701797224829797, 0.04645572970547178, 0.0452637776343006], "OmegaStar": [3.3956547247122895e-06, 2.4602253739447113e-05, 5.555360291460672e-05, 0.00011417486761373687, 0.0002738235654496073, 0.0008356050209785036, 0.0020265785205825213]}