{"run name": "run_2cDM_L3N256_DM_power22_sigma10", "DM type": "2cDM", "baryon_type": "DM", "powerLaws": [2, 2], "sigma0": 10.0, "otherInfo": [], "BoxSize": 3000, "NPart": 256, "Mass Resolution": [134765.1638873298], "Softening Length": 0.4040948275862069, "redshifts": [99.0, 8.96, 5.24, 3.99, 3.0, 2.03, 1.0], "file_indices": [0, 1, 2, 3, 4, 5, 6], "Omega0": [0.301793, 0.301793, 0.301793, 0.301793, 0.301793, 0.301793, 0.301793]}