{"run name": "run_2cDM_L3N256_HY_power00_sigma1_dir_1", "DM type": "2cDM", "baryon_type": "HY", "powerLaws": [0, 0], "sigma0": 1.0, "otherInfo": ["dir", "1"], "BoxSize": 3000, "NPart": 256, "Mass Resolution": [117344.06239201137], "Softening Length": 0.4040948275862069, "redshifts": [5.24, 3.99, 3.0, 2.03], "file_indices": [2, 3, 4, 5], "Omega0": [0.301712, 0.301712, 0.301712, 0.301712], "OmegaB": [0.04725996022036946, 0.047231502572406964, 0.04717884809785025, 0.047058564306861034], "OmegaStar": [3.2069203214763363e-05, 6.052685117731417e-05, 0.00011318132573412572, 0.00023335236365975296]}