{"run name": "run_2cDM_L3N256_HY_power00_sigma1_dir_1", "DM type": "2cDM", "baryon_type": "HY", "powerLaws": [0, 0], "sigma0": 1.0, "otherInfo": ["dir", "1"], "BoxSize": 3000, "NPart": 256, "Mass Resolution": [117344.06239201137, 21123.087754725388], "Softening Length": 0.4040948275862069, "redshifts": [99.0, 8.955128609158502, 5.236226422509304, 3.9916277163626868, 2.995420558949888, 2.0300187258611033, 0.999978793124213, 4.440892098500626e-16], "file_indices": [0, 1, 2, 3, 4, 5, 6, 7], "Omega0": [0.301712, 0.301712, 0.301712, 0.301712, 0.301712, 0.301712, 0.301712, 0.301712], "OmegaB": [0.04729202942358353, 0.04728323749221791, 0.04725996022036946, 0.047231502572406964, 0.04717884809785025, 0.047058564306861034, 0.04663981217627398, 0.044950863877049475], "OmegaStar": [8.79193136641381e-06, 3.2069203214763363e-05, 6.052685117731417e-05, 0.00011318132573412572, 0.00023335236365975296, 0.0006516752649281644, 0.0023382442481461275]}