{"run name": "run_CDM_L3N128_HY_var2", "DM type": "CDM", "baryon_type": "HY", "otherInfo": ["var2"], "BoxSize": 3000, "NPart": 128, "Mass Resolution": [938752.499136091, 168984.7020378031], "Softening Length": 0.8081896551724138, "redshifts": [99.0, 8.955128609158502, 5.236226422509304, 3.9804160612484125, 2.995420558949888, 2.0232130250207168, 0.9988548118735108, 4.440892098500626e-16], "file_indices": [0, 1, 2, 3, 4, 5, 6, 7], "Omega0": [0.301712, 0.301712, 0.301712, 0.301712, 0.301712, 0.301712, 0.301712, 0.301712], "OmegaB": [0.0472920294235843, 0.04727982441556033, 0.04725279855751719, 0.04722242475795146, 0.04717791927034108, 0.047053180390149364, 0.04632016838060139, 0.04406634196057383], "OmegaStar": [1.2205008023972199e-05, 3.9230866067103594e-05, 6.960466563282541e-05, 0.00011400238869661447, 0.00023860515840696124, 0.0009711319413221485, 0.0032229500623881338]}