{"run name": "run_CDM_L3N256_HY_dir_2", "DM type": "CDM", "baryon_type": "HY", "otherInfo": ["dir", "2"], "BoxSize": 3000, "NPart": 256, "Mass Resolution": [117344.06239201137], "Softening Length": 0.4040948275862069, "redshifts": [5.24, 3.99, 3.0, 2.03], "file_indices": [2, 3, 4, 5], "Omega0": [0.301712, 0.301712, 0.301712, 0.301712], "OmegaB": [0.04725047750684078, 0.047211199886863287, 0.04713354690122789, 0.04687364355404896], "OmegaStar": [4.155191674356581e-05, 8.082953672096476e-05, 0.00015825889368575587, 0.0004179744222144567]}