{"run name": "run_2cDM_L25N256_DM_power00_sigma1_dir_0_Vkick20.00", "DM type": "2cDM", "baryon_type": "DM", "powerLaws": [0, 0], "sigma0": 1.0, "otherInfo": ["dir", "0", "Vkick20.00"], "Vkick": 20.0, "BoxSize": 25000, "NPart": 256, "Mass Resolution": [77989099.47183438], "Softening Length": 3.367456896551724, "redshifts": [99.0, 8.955128609158502, 5.236226422509304, 3.9804160612484125, 2.995420558949888, 2.0300187258611033, 0.9988548118735108, 4.440892098500626e-16], "file_indices": [0, 1, 2, 3, 4, 5, 6, 7], "Omega0": [0.301712, 0.301712, 0.301712, 0.301712, 0.301712, 0.301712, 0.301712, 0.301712]}