{"run name": "run_2cDM_710_HY_power00_sigma1_dir_2_Vkick33.36", "DM type": "2cDM", "baryon_type": "HY", "powerLaws": [0, 0], "sigma0": 1.0, "otherInfo": ["dir", "2", "Vkick33.36"], "Vkick": 33.36, "BoxSize": 100000, "NPart": 48, "Mass Resolution": [66084704.80384494], "Softening Length": 71.83908045977012, "redshifts": [46.54721920348852, 44.5622037875765, 42.45367379881284, 40.44272246832135, 38.52483404598187, 36.87473954609402, 35.12197041925631, 33.450316031392745, 31.856022550479437, 30.48433957173081, 29.027305700565993, 27.63770051714242, 26.312403553212587, 25.04843874971757, 23.960960799485814, 22.805816183578962, 21.704129409074024, 20.65342655126237, 19.749432874416154, 18.78918956244812, 17.873384439406017, 16.999960992518137, 16.24849327990495, 15.45026662890206, 14.688980351532482, 13.962924919302699, 13.270469917365952, 12.674702104803705, 12.041863543925086, 11.438311518216711, 10.862690703911504, 10.367443572408746, 9.841380439471834, 9.339662483009523, 8.861163055704282, 8.449476294368743, 8.012172948865935, 7.5951071498715965, 7.197342343177086, 6.81798531647716, 6.491597745667503, 6.144901203416368, 5.814249101415438, 5.498898934241171, 5.198142558173861, 4.939380663491011, 4.664517702470927, 4.402374863568138, 4.1523634843230806, 3.925577791189874, 3.697631651158252, 3.4908613692606485, 3.2830330579565246, 3.084822635834013, 2.8957850057274284, 2.7331426173187188, 2.5772902716018935, 2.4442257045541464, 2.3161107439568918, 2.2003343941932285, 2.095926226826756, 1.9949242864572514, 1.9040895435327672, 1.822689252620354, 1.7370783228960591, 1.6666695561144653, 1.5980719886683934, 1.5312390291576135, 1.4690483326692818, 1.4112402265443573, 1.354785588105559, 1.299652728461826, 1.2511376829444645, 1.201037299393231, 1.1571565189806767, 1.1116476708788934, 1.0695489986846227, 1.0306937131422726, 0.9902089721812193, 0.9528432765865742, 0.918450320949258, 0.8846630848858825, 0.8514709006246495, 0.8188632882717168, 0.7868299525023363, 0.7574413726158526, 0.7285361563681614, 0.7001063537185233, 0.6741261037109307, 0.6465912010918797, 0.6214287452425136, 0.5966508105687431, 0.5722515209933166, 0.5482250902345109, 0.5263728571851616, 0.5030475232448832, 0.4818329434209512, 0.4609177941806475, 0.4402978492477432, 0.41996894199726653, 0.3999269646135635, 0.38180375206467954, 0.36230045257092924, 0.3446643463443455, 0.3272565541011043, 0.30852315433938093, 0.29234845666676534, 0.27561793689007197, 0.25910400753104357, 0.24280386464756432, 0.22744152527254502, 0.21155127941248253, 0.1965752542696484, 0.1817843482653021, 0.16717627313569405, 0.15274876890238098, 0.13917412387986072, 0.12509275513287288, 0.11184378434205589, 0.09810024681941276, 0.08516913689169736, 0.07239030231811827, 0.05976194992054973, 0.04728230763713759, 0.03494962427363468, 0.02336811931833105, 0.01131704685408641, 2.220446049250313e-16, 2.220446049250313e-16], "file_indices": [0, 1, 2, 3, 4, 5, 6, 7, 8, 9, 10, 11, 12, 13, 14, 15, 16, 17, 18, 19, 20, 21, 22, 23, 24, 25, 26, 27, 28, 29, 30, 31, 32, 33, 34, 35, 36, 37, 38, 39, 40, 41, 42, 43, 44, 45, 46, 47, 48, 49, 50, 51, 52, 53, 54, 55, 56, 57, 58, 59, 60, 61, 62, 63, 64, 65, 66, 67, 68, 69, 70, 71, 72, 73, 74, 75, 76, 77, 78, 79, 80, 81, 82, 83, 84, 85, 86, 87, 88, 89, 90, 91, 92, 93, 94, 95, 96, 97, 98, 99, 100, 101, 102, 103, 104, 105, 106, 107, 108, 109, 110, 111, 112, 113, 114, 115, 116, 117, 118, 119, 120, 121, 122, 123, 124, 125, 126, 127, 128], "Omega0": [0.301712, 0.301712, 0.301712, 0.301712, 0.301712, 0.301712, 0.301712, 0.301712, 0.301712, 0.301712, 0.301712, 0.301712, 0.301712, 0.301712, 0.301712, 0.301712, 0.301712, 0.301712, 0.301712, 0.301712, 0.301712, 0.301712, 0.301712, 0.301712, 0.301712, 0.301712, 0.301712, 0.301712, 0.301712, 0.301712, 0.301712, 0.301712, 0.301712, 0.301712, 0.301712, 0.301712, 0.301712, 0.301712, 0.301712, 0.301712, 0.301712, 0.301712, 0.301712, 0.301712, 0.301712, 0.301712, 0.301712, 0.301712, 0.301712, 0.301712, 0.301712, 0.301712, 0.301712, 0.301712, 0.301712, 0.301712, 0.301712, 0.301712, 0.301712, 0.301712, 0.301712, 0.301712, 0.301712, 0.301712, 0.301712, 0.301712, 0.301712, 0.301712, 0.301712, 0.301712, 0.301712, 0.301712, 0.301712, 0.301712, 0.301712, 0.301712, 0.301712, 0.301712, 0.301712, 0.301712, 0.301712, 0.301712, 0.301712, 0.301712, 0.301712, 0.301712, 0.301712, 0.301712, 0.301712, 0.301712, 0.301712, 0.301712, 0.301712, 0.301712, 0.301712, 0.301712, 0.301712, 0.301712, 0.301712, 0.301712, 0.301712, 0.301712, 0.301712, 0.301712, 0.301712, 0.301712, 0.301712, 0.301712, 0.301712, 0.301712, 0.301712, 0.301712, 0.301712, 0.301712, 0.301712, 0.301712, 0.301712, 0.301712, 0.301712, 0.301712, 0.301712, 0.301712, 0.301712, 0.301712, 0.301712, 0.301712, 0.301712, 0.301712, 0.301712], "OmegaB": [0.046022639674144286, 0.04602263967414431, 0.04602263967414432, 0.046022639674144286, 0.04602263967414429, 0.04602263967414429, 0.04602263967414431, 0.04602263967414432, 0.04602263967414427, 0.04602263967414427, 0.04602263967414433, 0.04602263967414429, 0.046022639674144286, 0.04602263967414433, 0.046022639674144286, 0.04602263967414429, 0.046022639674144314, 0.04602263967414428, 0.04602263967414429, 0.04602263967414428, 0.04602263967414429, 0.046022639674144314, 0.04602263967414428, 0.04602263967414426, 0.04602263967414431, 0.046022639674144286, 0.046022639674144265, 0.046022639674144286, 0.04602263967414431, 0.04602263967414429, 0.04602263967414429, 0.046022639674144286, 0.04602263967414431, 0.04602263967414427, 0.04602263967414429, 0.046022639481751816, 0.04602263967414432, 0.0460226394980892, 0.04602263906610214, 0.04602263633749685, 0.04602263553019399, 0.046022634742695696, 0.046022633787177844, 0.04602263041686452, 0.04602262743931792, 0.04602262034421682, 0.046022613787851156, 0.04602260383573224, 0.046022587218173414, 0.046022569434300255, 0.046022557776439245, 0.046022491256141475, 0.04602248121569894, 0.0460223736584502, 0.0460223260494385, 0.046022297799798016, 0.046022147564557796, 0.046022123495357455, 0.04602209311335881, 0.04602202544113853, 0.046021977162708304, 0.046021866084399995, 0.04602171369050094, 0.04602165318242828, 0.046021596463524876, 0.04602146253061122, 0.04602128255916428, 0.046021149219865796, 0.04602090378634446, 0.046020514948695176, 0.04602023385907486, 0.04601973151857599, 0.04601931759861903, 0.046018594862094864, 0.04601809099026516, 0.0460177680873202, 0.04601703531869349, 0.04601675671446893, 0.04601625258451973, 0.04601496159944777, 0.04601456327557087, 0.046014064923623484, 0.046013580328729736, 0.04601311886682249, 0.0460126646070798, 0.04601221611291021, 0.04601180667207046, 0.046011476695866735, 0.04601110564942122, 0.04601046881318097, 0.04601036953854837, 0.04600952150451946, 0.046008972445931495, 0.04600831159810599, 0.046007902058959875, 0.04600719260631347, 0.0460070281651484, 0.0460069725499825, 0.04600669217593236, 0.04600646267492012, 0.04600624084729862, 0.046006151905562016, 0.0460060040350909, 0.04600590363099194, 0.0460055850124008, 0.046005095959850764, 0.04600499189579752, 0.046005025026683875, 0.04600481162854083, 0.046004451211589525, 0.04600433106078184, 0.046004193370595296, 0.046004046086348095, 0.04600406859431138, 0.04600395527707841, 0.046003939877144205, 0.04600386027863556, 0.046003744567115014, 0.046003457483101376, 0.04600344688949335, 0.046003394796866784, 0.046003218496620035, 0.04600314377521653, 0.04600278920354459, 0.04600251842363865, 0.04600219547042377, 0.046001987517387245, 0.0460019317021825, 0.04600193170218251],