{"run name": "run_CDM_L3N256_HY_dir_7", "DM type": "CDM", "baryon_type": "HY", "otherInfo": ["dir", "7"], "BoxSize": 3000, "NPart": 256, "Mass Resolution": [117344.06239201137, 21123.087754725388], "Softening Length": 0.4040948275862069, "redshifts": [99.0, 8.96, 5.24, 3.99, 3.0, 2.03, 1.0, 0.0], "file_indices": [0, 1, 2, 3, 4, 5, 6, 7], "Omega0": [0.301712, 0.301712, 0.301712, 0.301712, 0.301712, 0.301712, 0.301712, 0.301712], "OmegaB": [0.04729202942358353, 0.04728139315007804, 0.04725960235034797, 0.04722600545003322, 0.04715541622776426, 0.046950136218072806, 0.04618398889482957, 0.04476293313767597], "OmegaStar": [1.0636273506223159e-05, 3.242707323645161e-05, 6.602397355121674e-05, 0.00013650026018614448, 0.00034159008747496, 0.001106734764885099, 0.0025231814558380403]}