{"run name": "run_CDM_L3N256_HY_dir_7", "DM type": "CDM", "baryon_type": "HY", "otherInfo": ["dir", "7"], "BoxSize": 3000, "NPart": 256, "Mass Resolution": [117344.06239201137], "Softening Length": 0.4040948275862069, "redshifts": [5.24, 3.99, 3.0, 2.03], "file_indices": [2, 3, 4, 5], "Omega0": [0.301712, 0.301712, 0.301712, 0.301712], "OmegaB": [0.04725960235034797, 0.04722600545003322, 0.04715541622776426, 0.046950136218072806], "OmegaStar": [3.242707323645161e-05, 6.602397355121674e-05, 0.00013650026018614448, 0.00034159008747496]}