{"run name": "run_2cDM_L3N256_HY_powerm2m2_sigma1_dir_0", "DM type": "2cDM", "baryon_type": "HY", "powerLaws": [-2, -2], "sigma0": 1.0, "otherInfo": ["dir", "0"], "BoxSize": 3000, "NPart": 256, "Mass Resolution": [117344.06239201137, 21123.087754725388], "Softening Length": 0.4040948275862069, "redshifts": [99.0, 8.955128609158502, 5.236226422509304, 3.9916277163626868, 2.9999151729465807, 2.0300187258611033, 0.9988548118735108, 4.440892098500626e-16], "file_indices": [0, 1, 2, 3, 4, 5, 6, 7], "Omega0": [0.301712, 0.301712, 0.301712, 0.301712, 0.301712, 0.301712, 0.301712, 0.301712], "OmegaB": [0.04729202942358353, 0.04728495016878467, 0.04723459400440454, 0.04716106086649097, 0.04705298890096836, 0.0466938240944889, 0.045967789441723014, 0.044560563386270576], "OmegaStar": [7.079254799633875e-06, 5.7435419179722266e-05, 0.00013085962641356242, 0.0002388998668025875, 0.000597653992447333, 0.0013224401695899792, 0.0027235112823362274]}