{"run name": "run_2cDM_L3N256_HY_powerm2m2_sigma1_dir_0", "DM type": "2cDM", "baryon_type": "HY", "powerLaws": [-2, -2], "sigma0": 1.0, "otherInfo": ["dir", "0"], "BoxSize": 3000, "NPart": 256, "Mass Resolution": [117344.06239201137], "Softening Length": 0.4040948275862069, "redshifts": [5.24, 3.99, 3.0, 2.03], "file_indices": [2, 3, 4, 5], "Omega0": [0.301712, 0.301712, 0.301712, 0.301712], "OmegaB": [0.04723459400440454, 0.04716106086649097, 0.04705298890096836, 0.0466938240944889], "OmegaStar": [5.7435419179722266e-05, 0.00013085962641356242, 0.0002388998668025875, 0.000597653992447333]}