{"run name": "run_CDM_L3N256_HY_dir_8", "DM type": "CDM", "baryon_type": "HY", "otherInfo": ["dir", "8"], "BoxSize": 3000, "NPart": 256, "Mass Resolution": [117344.06239201137, 21123.087754725388], "Softening Length": 0.4040948275862069, "redshifts": [99.0, 8.955128609158502, 5.236226422509304, 3.9916277163626868, 2.995420558949888, 2.0300187258611033, 0.9988548118735108, 4.440892098500626e-16], "file_indices": [0, 1, 2, 3, 4, 5, 6, 7], "Omega0": [0.301712, 0.301712, 0.301712, 0.301712, 0.301712, 0.301712, 0.301712, 0.301712], "OmegaB": [0.04729202942358353, 0.04728342650057626, 0.047266127559951195, 0.04724064879482809, 0.04719645518371797, 0.047058827275484036, 0.04607120954101344, 0.04381741811881911], "OmegaStar": [8.60292300798607e-06, 2.590186363302707e-05, 5.138062875622026e-05, 9.545861157608424e-05, 0.00023293663617813233, 0.0012202395646439183, 0.003469168935760274]}