{"run name": "run_CDM_L3N256_HY_dir_8", "DM type": "CDM", "baryon_type": "HY", "otherInfo": ["dir", "8"], "BoxSize": 3000, "NPart": 256, "Mass Resolution": [117344.06239201137], "Softening Length": 0.4040948275862069, "redshifts": [5.24, 3.99, 3.0, 2.03], "file_indices": [2, 3, 4, 5], "Omega0": [0.301712, 0.301712, 0.301712, 0.301712], "OmegaB": [0.047266127559951195, 0.04724064879482809, 0.04719645518371797, 0.047058827275484036], "OmegaStar": [2.590186363302707e-05, 5.138062875622026e-05, 9.545861157608424e-05, 0.00023293663617813233]}