{"run name": "run_SIDM_L3N256_HY_power0_sigma1", "DM type": "SIDM", "baryon_type": "HY", "powerLaws": [0], "sigma0": 1.0, "otherInfo": [], "BoxSize": 3000, "NPart": 256, "Mass Resolution": [117344.06239201137, 21123.087754725388], "Softening Length": 0.4040948275862069, "redshifts": [99.0, 8.955128609158502, 5.236226422509304, 3.9916277163626868, 2.9999151729465807, 2.0300187258611033, 0.9988548118735108], "file_indices": [0, 1, 2, 3, 4, 5, 6], "Omega0": [0.301712, 0.301712, 0.301712, 0.301712, 0.301712, 0.301712, 0.301712], "OmegaB": [0.04729202942358353, 0.04727794392704695, 0.04723919349282418, 0.04718918392757652, 0.047059173332473746, 0.04683701909580408, 0.04598202734386359], "OmegaStar": [1.4085496537427348e-05, 5.283593076004362e-05, 0.00010273835012778663, 0.00023273633857123026, 0.00045448568702829913, 0.0013083227653917083]}