{"run name": "run_2cDM_L3N128_HY_power00_sigma0.1_var5", "DM type": "2cDM", "baryon_type": "HY", "powerLaws": [0, 0], "sigma0": 0.1, "otherInfo": ["var5"], "BoxSize": 3000, "NPart": 128, "Mass Resolution": [938752.499136091, 168984.7020378031], "Softening Length": 0.8081896551724138, "redshifts": [99.0, 8.955128609158502, 5.236226422509304, 3.9804160612484125, 2.995420558949888, 2.0300187258611033, 0.9988548118735108, 4.440892098500626e-16], "file_indices": [0, 1, 2, 3, 4, 5, 6, 7], "Omega0": [0.301712, 0.301712, 0.301712, 0.301712, 0.301712, 0.301712, 0.301712, 0.301712], "OmegaB": [0.0472920294235843, 0.04728166229146376, 0.0472564485642603, 0.04721245485070649, 0.04716036769964825, 0.0469286037971062, 0.04602405406475506, 0.044564117224474724], "OmegaStar": [1.036713212054459e-05, 3.558085932401238e-05, 7.95745728778062e-05, 0.0001314248893435654, 0.000363091987014169, 0.0012670452962056588, 0.002725828205146378]}