{"run name": "run_CDM_L3N256_DM_dir_0", "DM type": "CDM", "baryon_type": "DM", "otherInfo": ["dir", "0"], "BoxSize": 3000, "NPart": 256, "Mass Resolution": [138467.15014673676], "Softening Length": 0.4040948275862069, "redshifts": [5.24, 3.99, 3.0, 2.03], "file_indices": [2, 3, 4, 5], "Omega0": [0.301712, 0.301712, 0.301712, 0.301712]}