{"run name": "run_CDM_L3N128_HY_var3", "DM type": "CDM", "baryon_type": "HY", "otherInfo": ["var3"], "BoxSize": 3000, "NPart": 128, "Mass Resolution": [938752.499136091, 168984.7020378031], "Softening Length": 0.8081896551724138, "redshifts": [99.0, 8.955128609158502, 5.236226422509304, 3.9804160612484125, 2.995420558949888, 2.0232130250207168, 0.9988548118735108, 4.440892098500626e-16], "file_indices": [0, 1, 2, 3, 4, 5, 6, 7], "Omega0": [0.301712, 0.301712, 0.301712, 0.301712, 0.301712, 0.301712, 0.301712, 0.301712], "OmegaB": [0.0472920294235843, 0.04728323904346429, 0.04725873854271045, 0.04722847890188237, 0.04717675394380619, 0.04705474164688949, 0.046446275739298534, 0.04524845774984913], "OmegaStar": [8.790380119989092e-06, 3.329088087387066e-05, 6.355052170194835e-05, 0.0001151634458894099, 0.00023701976668682065, 0.0008448428233669492, 0.0020406394736553358]}