{"run name": "run_CDM_L5N256_HY", "DM type": "CDM", "baryon_type": "HY", "otherInfo": [], "BoxSize": 5000, "NPart": 256, "Mass Resolution": [543259.5481111638, 97792.07293854345], "Softening Length": 0.6734913793103449, "redshifts": [99.0, 8.955128609158502, 5.236226422509304, 3.9804160612484125, 2.995420558949888, 2.0300187258611033, 0.9988548118735108, 4.440892098500626e-16], "file_indices": [0, 1, 2, 3, 4, 5, 6, 7], "Omega0": [0.301712, 0.301712, 0.301712, 0.301712, 0.301712, 0.301712, 0.301712, 0.301712], "OmegaB": [0.047292029423582474, 0.047273716136856596, 0.047217823217164875, 0.04713705442876022, 0.0469857974428805, 0.04645751760875603, 0.04532130074074889, 0.043530349351562754], "OmegaStar": [1.8313286727722568e-05, 7.415942722430611e-05, 0.00015489513804826705, 0.0003059768607923528, 0.0008338635340454673, 0.0019693682647076117, 0.0037582553694471043]}