{"run name": "run_2cDM_710_DM_power00_sigma1", "DM type": "2cDM", "baryon_type": "DM", "powerLaws": [0, 0], "sigma0": 1.0, "otherInfo": [], "BoxSize": 100000, "NPart": 48, "Mass Resolution": [77980602.98873487], "Softening Length": 71.83908045977012, "redshifts": [46.55, 44.56, 42.45, 40.44, 38.52, 36.87, 35.12, 33.45, 31.86, 30.48, 29.03, 27.64, 26.31, 25.05, 23.96, 22.81, 21.7, 20.65, 19.75, 18.79, 17.87, 17.0, 16.25, 15.45, 14.69, 13.96, 13.27, 12.67, 12.04, 11.44, 10.86, 10.37, 9.84, 9.34, 8.86, 8.45, 8.01, 7.6, 7.2, 6.82, 6.49, 6.14, 5.81, 5.5, 5.2, 4.94, 4.66, 4.4, 4.15, 3.91, 3.7, 3.49, 3.28, 3.08, 2.9, 2.73, 2.58, 2.44, 2.32, 2.2, 2.1, 1.99, 1.9, 1.82, 1.74, 1.67, 1.6, 1.53, 1.47, 1.41, 1.35, 1.3, 1.25, 1.2, 1.16, 1.11, 1.07, 1.03, 0.99, 0.95, 0.92, 0.88, 0.85, 0.82, 0.79, 0.76, 0.73, 0.7, 0.67, 0.65, 0.62, 0.6, 0.57, 0.55, 0.53, 0.5, 0.48, 0.46, 0.44, 0.42, 0.4, 0.38, 0.36, 0.34, 0.33, 0.31, 0.29, 0.28, 0.26, 0.24, 0.23, 0.21, 0.2, 0.18, 0.17, 0.15, 0.14, 0.13, 0.11, 0.1, 0.09, 0.07, 0.06, 0.05, 0.03, 0.02, 0.01, 0.0]}